주소,면적,금액,월세,타입,위도 ,경도
충청북도 청주시 서원구 모충동 서원남로70번길,65,10000,0,단독다가구(전월세),36.6227109,127.4799602
충청북도 청주시 서원구 성화동 구룡산로51번라길,28.12,300,33,단독다가구(전월세),36.6153687,127.4525037
충청북도 청주시 서원구 수곡동 구룡산로 319,39.3,9500,0,아파트(매매),36.6200079,127.4801332
충청북도 청주시 서원구 남이면 가마리 2순환로 1717,84.9476,35000,0,아파트(매매),36.5983248,127.4693229
충청북도 청주시 서원구 분평동 1순환로1137번길 80,49.76,11000,0,아파트(매매),36.6098375,127.4941707
충청북도 청주시 서원구 분평동 1순환로1137번길 19,84.34,27000,0,아파트(매매),36.6074206,127.4916552
충청북도 청주시 서원구 성화동 장전로 51,130.59,43300,0,아파트(매매),36.6182316,127.4536045
충청북도 청주시 서원구 사직동 창직로 50,84.4,28900,0,아파트(매매),36.6296746,127.4668128
충청북도 청주시 서원구 개신동 모충로3번길 81,32,5700,0,아파트(매매),36.6282108,127.4629703
충청북도 청주시 서원구 수곡동 구룡산로 319,47.01,6300,0,아파트(전월세),36.6200079,127.4801332
충청북도 청주시 서원구 모충동 쌍샘로 22,59.76,25200,0,아파트(전월세),36.6276735,127.4803989
충청북도 청주시 서원구 분평동 1순환로1137번길 129,49.77,10000,0,아파트(전월세),36.6120152,127.4913332
충청북도 청주시 서원구 개신동 복대로17번길 27,57.991,13000,0,아파트(전월세),36.6179245,127.4452763
충청북도 청주시 서원구 수곡동 구룡산로 275-13,38.64,500,40,아파트(전월세),36.6195057,127.4745619
충청북도 청주시 서원구 사창동 1순환로 642,31.8,4050,0,오피스텔(매매),36.6361972,127.4592437
충청북도 청주시 청원구 율량동 율봉로262번길,43.03,500,55,단독다가구(전월세),36.6661875,127.4977649
충청북도 청주시 청원구 율량동 율중로16번길,25.76,500,58,단독다가구(전월세),36.6600734,127.505057
충청북도 청주시 청원구 오창읍 구룡리 구룡택지로,45,5000,0,단독다가구(전월세),36.7106181,127.4130504
충청북도 청주시 청원구 오창읍 구룡리 구룡2길,35,200,51,단독다가구(전월세),36.7111939,127.4126339
충청북도 청주시 청원구 오창읍 각리 오창공원로 96,84.9801,52500,0,아파트(매매),36.7131077,127.4225889
충청북도 청주시 청원구 오창읍 각리 오창중앙로 83,119.3059,30000,0,아파트(매매),36.7061317,127.4197658
충청북도 청주시 청원구 오창읍 각리 오창중앙로 65,122.6368,39700,0,아파트(매매),36.7052817,127.423303
충청북도 청주시 청원구 오창읍 각리 오창중앙로 65,59.9101,21500,0,아파트(매매),36.7052817,127.423303
충청북도 청주시 청원구 오창읍 각리 오창중앙로 32,84.6881,25000,0,아파트(매매),36.7092307,127.4245797
충청북도 청주시 청원구 사천동 새터로176번길 62,43.4,7700,0,아파트(매매),36.6654473,127.4746522
충청북도 청주시 청원구 주성동 율량로 119,84.9768,39500,0,아파트(매매),36.6727921,127.499608
충청북도 청주시 청원구 내수읍 은곡리 은곡4길 6,39.78,3600,0,아파트(매매),36.7178888,127.5292312
충청북도 청주시 청원구 율량동 율봉로201번길 34,32.76,6000,0,아파트(매매),36.6699772,127.4922574
충청북도 청주시 청원구 오창읍 주성리 2산단4로 60,57.7554,3223,38,아파트(전월세),36.7372588,127.4508094
충청북도 청주시 청원구 율량동 율중로7번길 77,36.86,3304,8,아파트(전월세),36.6607832,127.511004
충청북도 청주시 청원구 주성동 율량로 119,84.9788,35000,0,아파트(전월세),36.6727921,127.499608
충청북도 청주시 청원구 오창읍 주성리 2산단로 125,57.7554,12567,0,아파트(전월세),36.7341863,127.4497485
충청북도 청주시 청원구 오창읍 각리 오창중앙로 32,84.6881,20000,0,아파트(전월세),36.7092307,127.4245797
충청북도 청주시 청원구 오창읍 주성리 2산단4로 20,82.8216,8538,33,아파트(전월세),36.7352692,127.448001
충청북도 청주시 청원구 오창읍 주성리 2산단4로 20,82.7462,16542,0,아파트(전월세),36.7352692,127.448001
충청북도 청주시 청원구 오창읍 주성리 2산단4로 60,57.7554,12357,0,아파트(전월세),36.7372588,127.4508094
충청북도 청주시 청원구 오창읍 주성리 2산단로 151,82.8216,5335,46,아파트(전월세),36.7354987,127.4511016
충청북도 청주시 흥덕구 봉명동 덕암로107번길,23.1,200,30,단독다가구(전월세),36.650422,127.4642827
충청북도 청주시 흥덕구 복대동 죽천로131번길,30,300,37,단독다가구(전월세),36.638828,127.437052
충청북도 청주시 흥덕구 비하동 비하로45번길,36.36,500,50,단독다가구(전월세),36.6310557,127.4234163
충청북도 청주시 흥덕구 봉명동 직지대로581번길 33-12,39.72,10500,0,아파트(매매),36.6460097,127.4565972
충청북도 청주시 흥덕구 복대동 죽천로143번길 19,59.6443,15800,0,아파트(매매),36.6387673,127.4380391
충청북도 청주시 흥덕구 강서동 2순환로 1222,18.28,6700,0,아파트(매매),36.6176842,127.4208609
충청북도 청주시 흥덕구 비하동 2순환로1050번길 13-14,45.32,10000,0,아파트(매매),36.6402241,127.4207587
충청북도 청주시 흥덕구 가경동 가경로 26,59.92,17700,0,아파트(매매),36.6186491,127.4436184
충청북도 청주시 흥덕구 강서동 가로수로1164번길 41-44,22.464,6200,0,아파트(매매),36.6259179,127.4291547
충청북도 청주시 흥덕구 가경동 서현중로 47,84.9267,40000,0,아파트(매매),36.6223782,127.4277735
충청북도 청주시 흥덕구 송절동 송화로214번길 7,84.995,50000,0,아파트(매매),36.6694702,127.4576636
충청북도 청주시 흥덕구 가경동 가경로 71,134.88,32000,0,아파트(매매),36.6216995,127.4398995
충청북도 청주시 흥덕구 비하동 2순환로1050번길 39,59.9,12900,0,아파트(매매),36.639854,127.4193688
충청북도 청주시 흥덕구 가경동 가경로 26,59.92,20350,0,아파트(매매),36.6186491,127.4436184
충청북도 청주시 흥덕구 가경동 가경로 26,59.92,17000,0,아파트(전월세),36.6186491,127.4436184
충청북도 청주시 흥덕구 오송읍 봉산리 오송생명7로 151,59.8447,3000,88,아파트(전월세),36.6223386,127.3184637
충청북도 청주시 흥덕구 봉명동 직지대로 551,27.7517,8144,0,아파트(전월세),36.6484342,127.4582594
충청북도 청주시 흥덕구 봉명동 직지대로 551,27.7517,8144,0,아파트(전월세),36.6484342,127.4582594
충청북도 청주시 흥덕구 오송읍 봉산리 오송생명7로 151,59.8447,27500,0,아파트(전월세),36.6223386,127.3184637
충청북도 청주시 흥덕구 봉명동 직지대로 551,21.0286,6320,0,아파트(전월세),36.6484342,127.4582594
충청북도 청주시 흥덕구 오송읍 봉산리 오송생명14로 283,84.9924,25500,0,아파트(전월세),36.6213379,127.3120193
충청북도 청주시 흥덕구 봉명동 직지대로 551,21.0286,6320,0,아파트(전월세),36.6484342,127.4582594
충청북도 청주시 흥덕구 복대동 대농로 55,80.002,2000,200,아파트(전월세),36.6430295,127.4291934
충청북도 청주시 흥덕구 비하동 비하로18번길 10,30,3700,0,오피스텔(매매),36.6288083,127.4259278
충청북도 청주시 흥덕구 강서동 2순환로 1222,22.08,300,45,오피스텔(전월세),36.6176842,127.4208609
충청북도 청주시 흥덕구 송절동 송화로108번길 75,36.12,100,75,오피스텔(전월세),36.6650235,127.4521924
충청북도 청주시 상당구 용암동 중고개로125번길,50.66,12000,0,단독다가구(전월세),36.6151168,127.5165679
충청북도 청주시 상당구 방서동 월운로58번길,123.76,21000,0,단독다가구(전월세),36.6040579,127.5172064
충청북도 청주시 상당구 대성동 용담로,58.07,11000,0,단독다가구(전월세),36.6346917,127.4972402
충청북도 청주시 상당구 대성동 용담로63번길 33,127.22,20500,0,아파트(매매),36.6333797,127.4988269
충청북도 청주시 상당구 금천동 쇠내로 48,84.6785,27000,0,아파트(전월세),36.6239062,127.5006205
충청북도 청주시 상당구 금천동 수영로 204,27.29,200,25,아파트(전월세),36.623029,127.5042882
충청북도 청주시 서원구 수곡동 서원남로19번길,22.64,770,4,단독다가구(전월세),36.6206203,127.4844962
충청북도 청주시 서원구 모충동 구룡산로375번길,21,200,38,단독다가구(전월세),36.6211896,127.4868358
충청북도 청주시 서원구 남이면 석판리 대림로,33,500,50,단독다가구(전월세),36.6061698,127.4418071
충청북도 청주시 서원구 사직동 예체로 68,84.4,33000,0,아파트(매매),36.6320742,127.4702659
충청북도 청주시 서원구 개신동 신율로 71,38.52,5300,0,아파트(전월세),36.6242071,127.4466793
충청북도 청주시 서원구 분평동 1순환로1137번길 130,49.77,9700,0,아파트(전월세),36.6126277,127.4941736
충청북도 청주시 서원구 개신동 복대로17번길 23,24.12,300,35,아파트(전월세),36.6181734,127.4452302
충청북도 청주시 서원구 모충동 쌍샘로 22,74.77,27000,0,아파트(전월세),36.6276735,127.4803989
충청북도 청주시 서원구 모충동 쌍샘로 22,51.9,10077,17,아파트(전월세),36.6276735,127.4803989
충청북도 청주시 서원구 모충동 남들로35번길 61,41.82,500,40,아파트(전월세),36.6213749,127.4808332
충청북도 청주시 서원구 분평동 분평로 49,59.7254,16500,0,아파트(전월세),36.6098701,127.4913384
충청북도 청주시 서원구 개신동 경신로 68,59.42,2000,70,아파트(전월세),36.620993,127.4493921
충청북도 청주시 서원구 수곡동 매봉로76번길 18,68.31,7000,20,아파트(전월세),36.6166063,127.4789376
충청북도 청주시 서원구 수곡동 수곡로 36,59.4,12500,0,아파트(전월세),36.6156758,127.4749723
충청북도 청주시 서원구 사창동 1순환로 642,34.26,4200,0,오피스텔(매매),36.6361972,127.4592437
충청북도 청주시 청원구 율량동 율봉로212번길,25,200,35,단독다가구(전월세),36.6663066,127.4916639
충청북도 청주시 청원구 율량동 율봉로181번길,25,300,38,단독다가구(전월세),36.6699081,127.4894021
충청북도 청주시 청원구 오창읍 구룡리 구룡택지안길,63.32,10000,0,단독다가구(전월세),36.7089876,127.4127177
충청북도 청주시 청원구 오창읍 주성리 주성3길,28,300,45,단독다가구(전월세),36.7376002,127.4542413
충청북도 청주시 청원구 오창읍 괴정리 괴정길 18-9,59.995,8000,0,아파트(매매),36.7305269,127.4642464
충청북도 청주시 청원구 오창읍 각리 오창공원로 96,84.9893,47200,0,아파트(매매),36.7131077,127.4225889
충청북도 청주시 청원구 율량동 율봉로160번길 7,75.42,17500,0,아파트(매매),36.668008,127.487229
충청북도 청주시 청원구 오창읍 각리 오창공원로 96,84.9893,48750,0,아파트(매매),36.7131077,127.4225889
충청북도 청주시 청원구 내수읍 마산리 마산3길 3,59.97,5600,0,아파트(매매),36.720358,127.5387444
충청북도 청주시 청원구 오창읍 각리 오창중앙로 64,84.9867,24500,0,아파트(전월세),36.7075956,127.4225081
충청북도 청주시 청원구 오창읍 각리 오창중앙로 32,59.9271,1000,90,아파트(전월세),36.7092307,127.4245797
충청북도 청주시 청원구 율량동 율천북로 91,75.9895,31950,0,아파트(전월세),36.6638933,127.4805035
충청북도 청주시 청원구 오창읍 주성리 2산단4로 60,57.7554,5587,28,아파트(전월세),36.7372588,127.4508094
충청북도 청주시 청원구 오창읍 양청리 중부로 760,47.2986,15500,0,오피스텔(매매),36.7101176,127.4363397
충청북도 청주시 흥덕구 복대동 죽천로131번길,20,300,43,단독다가구(전월세),36.638828,127.437052
충청북도 청주시 흥덕구 오송읍 만수리 만수길,23,200,31,단독다가구(전월세),36.6244247,127.327566
충청북도 청주시 흥덕구 오송읍 봉산리 봉산1길,30,12000,0,단독다가구(전월세),36.6195184,127.3218386
충청북도 청주시 흥덕구 봉명동 1순환로535번길,18,300,60,단독다가구(전월세),36.6446147,127.4645515
충청북도 청주시 흥덕구 봉명동 덕암로35번길,36.96,7500,0,단독다가구(전월세),36.6556257,127.4581453
충청북도 청주시 흥덕구 봉명동 봉명로177번길,18,300,60,단독다가구(전월세),36.6413591,127.46257
충청북도 청주시 흥덕구 봉명동 천석로,25,5000,0,단독다가구(전월세),36.6402479,127.4654461
충청북도 청주시 흥덕구 봉명동 덕암로,33,200,35,단독다가구(전월세),36.6519308,127.4599297
충청북도 청주시 흥덕구 봉명동 봉명로223번길,20,200,35,단독다가구(전월세),36.6412741,127.466501
충청북도 청주시 흥덕구 봉명동 덕암로35번길,26,500,45,단독다가구(전월세),36.6556257,127.4581453
충청북도 청주시 흥덕구 봉명동 덕암로35번길,26.22,500,45,단독다가구(전월세),36.6556257,127.4581453
충청북도 청주시 흥덕구 송절동 송화로116번길,32.18,500,61,단독다가구(전월세),36.66345,127.4479555
충청북도 청주시 흥덕구 복대동 진재로9번길,24,2700,0,단독다가구(전월세),36.6317564,127.429709
충청북도 청주시 흥덕구 복대동 성봉로271번길,135.3,16000,0,단독다가구(전월세),36.6292894,127.4492551
충청북도 청주시 흥덕구 가경동 서현서로 40,84.962,39200,0,아파트(매매),36.6214114,127.426509
충청북도 청주시 흥덕구 송절동 송화로214번길 29,84.9821,42800,0,아파트(매매),36.6681232,127.4589082
충청북도 청주시 흥덕구 송절동 송화로214번길 29,84.9361,47000,0,아파트(매매),36.6681232,127.4589082
충청북도 청주시 흥덕구 송절동 송화로214번길 29,84.9967,47700,0,아파트(매매),36.6681232,127.4589082
충청북도 청주시 흥덕구 오송읍 봉산리 오송생명7로 151,59.9822,34450,0,아파트(매매),36.6223386,127.3184637
충청북도 청주시 흥덕구 오송읍 봉산리 오송생명7로 151,59.98,32500,0,아파트(매매),36.6223386,127.3184637
충청북도 청주시 흥덕구 가경동 서현로 30,84.839,59500,0,아파트(매매),36.6154888,127.4267978
충청북도 청주시 흥덕구 가경동 풍년로 40,84.91,31500,0,아파트(매매),36.6179461,127.4403121
충청북도 청주시 흥덕구 가경동 서현로 62,105.64,75500,0,아파트(매매),36.6167827,127.4286454
충청북도 청주시 흥덕구 비하동 2순환로 1106,74.3861,44500,0,아파트(매매),36.6343609,127.4200832
충청북도 청주시 흥덕구 복대동 증안로 21,59.3291,17800,0,아파트(매매),36.6376709,127.4248296
충청북도 청주시 흥덕구 복대동 증안로 21,59.3291,20400,0,아파트(매매),36.6376709,127.4248296
충청북도 청주시 흥덕구 오송읍 만수리 오송생명5로 201,84.91,21000,0,아파트(전월세),36.6289276,127.3301681
충청북도 청주시 흥덕구 오송읍 봉산리 오송생명7로 151,59.98,2000,85,아파트(전월세),36.6223386,127.3184637
충청북도 청주시 흥덕구 오송읍 봉산리 오송생명7로 151,59.9822,28000,0,아파트(전월세),36.6223386,127.3184637
충청북도 청주시 흥덕구 오송읍 봉산리 오송생명14로 217,134.4924,39000,0,아파트(전월세),36.6213379,127.3120193
충청북도 청주시 흥덕구 복대동 증안로 77,60,17000,0,아파트(전월세),36.6366651,127.4321849
충청북도 청주시 흥덕구 송절동 송화로214번길 7,84.995,26000,30,아파트(전월세),36.6694702,127.4576636
충청북도 청주시 흥덕구 송절동 송화로 115,84.99,34000,0,아파트(전월세),36.6635187,127.4443877
충청북도 청주시 흥덕구 봉명동 직지대로 605,41.5752,13000,0,아파트(전월세),36.6484342,127.4582594
충청북도 청주시 흥덕구 비하동 2순환로1050번길 13-14,45.32,9900,0,아파트(전월세),36.6402241,127.4207587
충청북도 청주시 흥덕구 오송읍 만수리 오송생명5로 201,84.91,21000,0,아파트(전월세),36.6289276,127.3301681
충청북도 청주시 흥덕구 가경동 풍년로 40,75.22,24000,0,아파트(전월세),36.6179461,127.4403121
충청북도 청주시 흥덕구 가경동 서현서로 40,84.977,33000,0,아파트(전월세),36.6214114,127.426509
충청북도 청주시 흥덕구 가경동 가경로 100-20,59.85,13500,0,아파트(전월세),36.6240917,127.4407952
충청북도 청주시 상당구 용암동 중고개로125번길,50.66,2000,68,단독다가구(전월세),36.6151168,127.5165679
충청북도 청주시 상당구 용정동 영운천로129번길,49.5,500,45,단독다가구(전월세),36.6224151,127.511218
충청북도 청주시 상당구 용암동 원봉로 52,49.8,8400,0,아파트(매매),36.6146965,127.5098293
충청북도 청주시 상당구 금천동 중고개로 286,59.2962,17000,0,아파트(매매),36.6282343,127.50944
충청북도 청주시 상당구 금천동 꽃산동로 40,59.85,6000,0,아파트(매매),36.623122,127.5076021
충청북도 청주시 상당구 용암동 중고개로142번길 20,84.9687,49500,0,아파트(매매),36.6177681,127.5209221
충청북도 청주시 상당구 용암동 중흥로 148,59.9019,13700,0,아파트(전월세),36.6166972,127.5117754
충청북도 청주시 상당구 용암동 중고개로 140,84.9258,40000,0,아파트(전월세),36.6169444,127.5197269
충청북도 청주시 상당구 용암동 중흥로 148,59.9019,13700,0,아파트(전월세),36.6166972,127.5117754
충청북도 청주시 상당구 탑동 용담로 50,84.847,35000,0,아파트(전월세),36.6331952,127.4984246
충청북도 청주시 상당구 문의면 미천리 대청호반로 830,72.04,10150,0,연립다세대(매매),36.5161607,127.5004305
충청북도 청주시 서원구 성화동 용호로15번길,45.51,1000,48,단독다가구(전월세),36.614458,127.4460756
충청북도 청주시 서원구 개신동 신율로 43,84.8,24300,0,아파트(매매),36.6220885,127.4452288
충청북도 청주시 서원구 개신동 신율로 43,84.75,25000,0,아파트(매매),36.6220885,127.4452288
충청북도 청주시 서원구 개신동 성봉로220번길 23,71.175,15500,0,아파트(매매),36.6246524,127.4506001
충청북도 청주시 서원구 분평동 1순환로1137번길 19,84.34,23800,0,아파트(매매),36.6074206,127.4916552
충청북도 청주시 서원구 남이면 가마리 2순환로 1717,84.9114,31750,0,아파트(매매),36.5983248,127.4693229
충청북도 청주시 서원구 개신동 경신로 67,59.9,17000,0,아파트(매매),36.6225849,127.4484175
충청북도 청주시 서원구 사창동 예체로67번길 49,24.48,400,40,아파트(전월세),36.6321065,127.4658127
충청북도 청주시 서원구 모충동 쌍샘로 22,74.77,25000,0,아파트(전월세),36.6276735,127.4803989
충청북도 청주시 서원구 모충동 남들로35번길 61,41.82,500,45,아파트(전월세),36.6213749,127.4808332
충청북도 청주시 서원구 사직동 창직로 50,123.44,35500,0,아파트(전월세),36.6296746,127.4668128
충청북도 청주시 서원구 분평동 월평로 25,59.29,14500,0,아파트(전월세),36.6119488,127.4879026
충청북도 청주시 서원구 분평동 분평로 88-1,59.71,12800,8,아파트(전월세),36.6072406,127.4955885
충청북도 청주시 서원구 분평동 1순환로1137번길 130,59.99,5000,40,아파트(전월세),36.6126277,127.4941736
충청북도 청주시 서원구 분평동 1순환로 1059,35.64,1000,50,오피스텔(전월세),36.6067306,127.4842794
충청북도 청주시 서원구 성화동 장전로 89,56.95,12000,0,오피스텔(전월세),36.6177264,127.4578914
충청북도 청주시 청원구 율량동 율량로201번길,55,1000,70,단독다가구(전월세),36.664887,127.5003308
충청북도 청주시 청원구 오창읍 양청리 양청6길,45,500,57,단독다가구(전월세),36.7251686,127.434518
충청북도 청주시 청원구 오창읍 양청리 양청길,23.14,3500,0,단독다가구(전월세),36.7181131,127.4251107
충청북도 청주시 청원구 오창읍 양청리 양청택지로,50,500,48,단독다가구(전월세),36.7188273,127.42097
충청북도 청주시 청원구 율량동 율중로,49.5,1000,65,단독다가구(전월세),36.6599194,127.5078857
충청북도 청주시 청원구 내수읍 은곡리 은곡묵방길 28,38.61,2850,0,아파트(매매),36.709938,127.5252976
충청북도 청주시 청원구 내덕동 공항로84번길 30,84.9226,28000,0,아파트(매매),36.6648504,127.4883268
충청북도 청주시 청원구 율량동 사뜸로52번길 15,34.79,5200,0,아파트(매매),36.6672826,127.4817361
충청북도 청주시 청원구 내수읍 은곡리 은곡묵방길 28,38.61,2850,0,아파트(매매),36.709938,127.5252976
충청북도 청주시 청원구 사천동 율봉로 7,157.3915,50000,0,아파트(매매),36.6628285,127.4711397
충청북도 청주시 청원구 사천동 율봉로 8,84.0541,31500,0,아파트(매매),36.6613541,127.472749
충청북도 청주시 청원구 내수읍 은곡리 은곡묵방길 28,38.61,2850,0,아파트(매매),36.709938,127.5252976
충청북도 청주시 청원구 내수읍 은곡리 은곡묵방길 28,38.61,2850,0,아파트(매매),36.709938,127.5252976
충청북도 청주시 청원구 주성동 율량로 135,105.736,62300,0,아파트(매매),36.6707358,127.5006827
충청북도 청주시 청원구 율량동 사뜸로52번길 15,34.79,5750,0,아파트(매매),36.6672826,127.4817361
충청북도 청주시 청원구 오창읍 각리 오창중앙로 65,59.9101,18900,0,아파트(전월세),36.7052817,127.423303
충청북도 청주시 청원구 율량동 주성로96번길 12,30.33,3800,0,아파트(전월세),36.6678639,127.4778458
충청북도 청주시 청원구 내덕동 충청대로84번길 30,84.915,31000,0,아파트(전월세),36.6634932,127.4951652
충청북도 청주시 청원구 오창읍 각리 오창공원로 96,84.9922,34000,0,아파트(전월세),36.7131077,127.4225889
충청북도 청주시 청원구 오창읍 주성리 2산단4로 20,82.7462,16542,0,아파트(전월세),36.7352692,127.448001
충청북도 청주시 청원구 오창읍 주성리 2산단로 160,72.8994,2000,90,아파트(전월세),36.7344741,127.4532889
충청북도 청주시 청원구 오창읍 각리 오창중앙로 65,84.9812,24500,0,아파트(전월세),36.7052817,127.423303
충청북도 청주시 흥덕구 봉명동 덕암로71번길,30,200,35,단독다가구(전월세),36.6530557,127.4626248
충청북도 청주시 흥덕구 오송읍 봉산리 봉산2길,23.04,1000,45,단독다가구(전월세),36.6210924,127.3189883
충청북도 청주시 흥덕구 비하동 청향로6번길,25,500,45,단독다가구(전월세),36.6386118,127.4217516
충청북도 청주시 흥덕구 복대동 복대로146번길,55,4700,0,단독다가구(전월세),36.6295996,127.4437758
충청북도 청주시 흥덕구 봉명동 봉명로126번길,23.1,200,30,단독다가구(전월세),36.6376968,127.4555912
충청북도 청주시 흥덕구 봉명동 덕암로59번길,42.9,200,48,단독다가구(전월세),36.6544375,127.4606144
충청북도 청주시 흥덕구 봉명동 봉명로113번길,30,100,45,단독다가구(전월세),36.6395026,127.4544541
충청북도 청주시 흥덕구 봉명동 봉명로,25,300,45,단독다가구(전월세),36.6389982,127.4544288
충청북도 청주시 흥덕구 봉명동 덕암로12번길,30,300,40,단독다가구(전월세),36.6514474,127.4555403
충청북도 청주시 흥덕구 봉명동 덕암로47번길,28,200,45,단독다가구(전월세),36.6555949,127.4595223
충청북도 청주시 흥덕구 봉명동 덕암로71번길,39,500,60,단독다가구(전월세),36.6530557,127.4626248
충청북도 청주시 흥덕구 봉명동 덕암로71번길,55,300,70,단독다가구(전월세),36.6530557,127.4626248
충청북도 청주시 흥덕구 오송읍 연제리 연제길,30,5000,0,단독다가구(전월세),36.6264553,127.3200245
충청북도 청주시 흥덕구 가경동 가경로101번길,48.8,14000,0,단독다가구(전월세),36.6240594,127.438077
충청북도 청주시 흥덕구 가경동 경산로43번길,50.21,500,61,단독다가구(전월세),36.6252071,127.4366699
충청북도 청주시 흥덕구 오송읍 봉산리 봉산3길,105.56,16000,0,단독다가구(전월세),36.6233271,127.3176887
충청북도 청주시 흥덕구 봉명동 백봉로,23.5,500,56,단독다가구(전월세),36.6498224,127.449979
충청북도 청주시 흥덕구 가경동 가경로 64,84.94,25600,0,아파트(매매),36.6214503,127.4424656
충청북도 청주시 흥덕구 복대동 대신로10번길 16-3,181.0925,41600,0,아파트(매매),36.6336753,127.4379175
충청북도 청주시 흥덕구 옥산면 가락리 오송가락로 1056,84.988,32000,0,아파트(매매),36.670489,127.3840508
충청북도 청주시 흥덕구 옥산면 가락리 오송가락로 1056,84.963,34000,0,아파트(매매),36.670489,127.3840508
충청북도 청주시 흥덕구 가경동 풍년로 40,84.91,27000,0,아파트(매매),36.6179461,127.4403121
충청북도 청주시 흥덕구 강서동 서부로 1123,84.7993,59300,0,아파트(매매),36.6176842,127.4208609
충청북도 청주시 흥덕구 가경동 가경로 26,59.92,17700,0,아파트(매매),36.6186491,127.4436184
충청북도 청주시 흥덕구 복대동 증안로 33,59.9238,21400,0,아파트(매매),36.637382,127.4269354
충청북도 청주시 흥덕구 오송읍 봉산리 오송생명7로 151,59.8447,35700,0,아파트(매매),36.6223386,127.3184637
충청북도 청주시 흥덕구 강내면 월곡리 탑연월곡길 86-10,46.11,5000,0,아파트(매매),36.6236794,127.3649561
충청북도 청주시 흥덕구 송절동 송화로214번길 29,84.9821,49000,0,아파트(매매),36.6681232,127.4589082
충청북도 청주시 흥덕구 강서동 강서로 101,33.42,500,50,아파트(전월세),36.6247372,127.4275737
충청북도 청주시 흥덕구 봉명동 월명로 114,59.67,1000,60,아파트(전월세),36.644475,127.4542792
충청북도 청주시 흥덕구 가경동 경신로 9,51.49,3509,10,아파트(전월세),36.6203465,127.4430771
충청북도 청주시 흥덕구 가경동 풍산로89번길 31,59.94,11000,0,아파트(전월세),36.6292436,127.4384146
충청북도 청주시 흥덕구 복대동 증안로 33,59.9238,2000,80,아파트(전월세),36.637382,127.4269354
충청북도 청주시 흥덕구 오송읍 봉산리 오송생명14로 283,84.9924,25500,0,아파트(전월세),36.6213379,127.3120193
충청북도 청주시 흥덕구 문암동 송화로 229,84.9664,40000,0,아파트(전월세),36.66747,127.451927
충청북도 청주시 흥덕구 오송읍 봉산리 오송생명8로 178,59.9406,15270,0,아파트(전월세),36.6193122,127.3110625
충청북도 청주시 흥덕구 오송읍 봉산리 오송생명8로 178,59.9406,15270,0,아파트(전월세),36.6193122,127.3110625
충청북도 청주시 흥덕구 문암동 송화로 229,59.9721,31000,0,아파트(전월세),36.66747,127.451927
충청북도 청주시 흥덕구 복대동 사직대로 62,15.36,300,38,연립다세대(전월세),36.6342826,127.4541658
충청북도 청주시 흥덕구 복대동 진재로 131,30.33,500,60,오피스텔(전월세),36.642967,127.4309093
충청북도 청주시 흥덕구 강서동 가로수로1164번길 41-33,20.47,4500,0,오피스텔(전월세),36.6265,127.4281104
충청북도 청주시 상당구 탑동 탑동로1번길,30,200,30,단독다가구(전월세),36.630603,127.4945369
충청북도 청주시 상당구 방서동 동남로 15,84.9687,40000,0,아파트(매매),36.6029748,127.508471
충청북도 청주시 상당구 영운동 단재로95번길 40,22.93,2600,0,아파트(매매),36.6209741,127.4989187
충청북도 청주시 상당구 영운동 영운천로51번길 26,38.72,4500,0,아파트(매매),36.6184955,127.5041446
충청북도 청주시 상당구 미원면 미원리 단재로 2483-6,56.12,5600,0,아파트(매매),36.6375261,127.6592078
충청북도 청주시 상당구 용담동 호미로 330,167.5642,43000,0,아파트(매매),36.6360239,127.5100038
충청북도 청주시 상당구 금천동 중고개로 288,48.3895,12400,0,아파트(매매),36.6294851,127.5085332
충청북도 청주시 상당구 용암동 중고개로142번길 17,84.9823,46500,0,아파트(매매),36.6192044,127.5180737
충청북도 청주시 상당구 용암동 중흥로 70,133.89,27800,0,아파트(매매),36.6112678,127.5050054
충청북도 청주시 상당구 용담동 호미로 329,59.987,17200,0,아파트(매매),36.6351813,127.5080395
충청북도 청주시 상당구 금천동 꽃산동로 41,59.96,9000,0,아파트(전월세),36.6223505,127.5090102
충청북도 청주시 상당구 금천동 꽃산동로 15-1,58.68,7200,0,아파트(전월세),36.6247016,127.5096737
충청북도 청주시 상당구 용암동 중고개로142번길 31,84.9823,3000,140,아파트(전월세),36.619898,127.520258
충청북도 청주시 상당구 영운동 영운천로 15,56.25,7500,0,연립다세대(매매),36.6163486,127.5015356
충청북도 청주시 서원구 사직동 대원로31번길,140.18,7500,0,단독다가구(전월세),36.6415872,127.4799209
충청북도 청주시 서원구 수곡동 수곡로67번길,19.35,200,15,단독다가구(전월세),36.6174011,127.4711241
충청북도 청주시 서원구 모충동 쌍샘로 22,84.88,35500,0,아파트(매매),36.6276735,127.4803989
충청북도 청주시 서원구 수곡동 수곡로 36,59.4,12000,0,아파트(매매),36.6156758,127.4749723
충청북도 청주시 서원구 수곡동 구룡산로 319,39.69,9000,0,아파트(매매),36.6200079,127.4801332
충청북도 청주시 서원구 사창동 사직대로 160,49.014,667,13,아파트(전월세),36.6348115,127.4650427
충청북도 청주시 서원구 분평동 분평로 18,84.9,3000,60,아파트(전월세),36.6073842,127.4872828
충청북도 청주시 서원구 사창동 사직대로 160,49.9084,100,20,아파트(전월세),36.6348115,127.4650427
충청북도 청주시 서원구 수곡동 수곡로 20,76.9922,29000,0,아파트(전월세),36.6146618,127.4765967
충청북도 청주시 서원구 분평동 1순환로1137번길 129,59.71,1000,55,아파트(전월세),36.6120152,127.4913332
충청북도 청주시 서원구 모충동 쌍샘로 22,51.9,5026,36,아파트(전월세),36.6276735,127.4803989
충청북도 청주시 서원구 모충동 쌍샘로 22,39.74,3089,31,아파트(전월세),36.6276735,127.4803989
충청북도 청주시 서원구 모충동 쌍샘로 22,51.9,5026,36,아파트(전월세),36.6276735,127.4803989
충청북도 청주시 서원구 모충동 모충로 61,51.02,500,40,아파트(전월세),36.6278576,127.4699229
충청북도 청주시 서원구 모충동 서원서로 27,74.35,9500,0,아파트(전월세),36.6246535,127.4788132
충청북도 청주시 서원구 모충동 쌍샘로 22,51.9,5026,36,아파트(전월세),36.6276735,127.4803989
충청북도 청주시 서원구 개신동 성봉로220번길 23,125.34,5000,90,아파트(전월세),36.6246524,127.4506001
충청북도 청주시 서원구 개신동 신율로 13,84.7858,24675,0,아파트(전월세),36.6194207,127.4470454
충청북도 청주시 서원구 성화동 장전로 11,36.5,1746,14,아파트(전월세),36.6176941,127.4509303
충청북도 청주시 서원구 사창동 사직대로 160,58.53,6912,9,오피스텔(전월세),36.6348115,127.4650427
충청북도 청주시 서원구 성화동 신화로36번길 20,59.24,9989,14,오피스텔(전월세),36.6180897,127.4567765
충청북도 청주시 청원구 우암동 대성로261번길,32.7,1000,80,단독다가구(전월세),36.6486612,127.4907331
충청북도 청주시 청원구 오창읍 구룡리 구룡2길,56,500,50,단독다가구(전월세),36.7111939,127.4126339
충청북도 청주시 청원구 오창읍 주성리 주성3길,30,300,42,단독다가구(전월세),36.7376002,127.4542413
충청북도 청주시 청원구 오창읍 양청리 양청택지1길,37,400,44,단독다가구(전월세),36.7184069,127.4210228
충청북도 청주시 청원구 오창읍 양청리 양청택지1길,74.21,11000,0,단독다가구(전월세),36.7184069,127.4210228
충청북도 청주시 청원구 오창읍 양청리 양청택지4길,35,300,41,단독다가구(전월세),36.7209848,127.4252767
충청북도 청주시 청원구 우암동 수암로,27,5000,0,단독다가구(전월세),36.6496109,127.4938511
충청북도 청주시 청원구 내수읍 은곡리 은곡묵방길 28,38.61,3120,0,아파트(매매),36.709938,127.5252976
충청북도 청주시 청원구 사천동 율봉로 8,84.5499,31000,0,아파트(매매),36.6613541,127.472749
충청북도 청주시 청원구 율량동 율중로7번길 100,71.4011,29800,0,아파트(매매),36.6584111,127.5128757
충청북도 청주시 청원구 율량동 사뜸로52번길 15,34.79,6500,0,아파트(매매),36.6672826,127.4817361
충청북도 청주시 청원구 오창읍 각리 오창중앙로 94,84.573,26500,0,아파트(매매),36.7094103,127.4193911
충청북도 청주시 청원구 오창읍 각리 오창중앙로 105,59.945,19500,0,아파트(매매),36.7075819,127.4178278
충청북도 청주시 청원구 주성동 율량로 103,84.798,35000,0,아파트(전월세),36.6734227,127.4977822
충청북도 청주시 청원구 오창읍 각리 오창공원로 96,84.9893,37000,0,아파트(전월세),36.7131077,127.4225889
충청북도 청주시 청원구 주중동 율량로 77,84.43,36000,0,아파트(전월세),36.6737847,127.4947624
충청북도 청주시 청원구 내덕동 덕벌로23번길 18,55.44,500,50,아파트(전월세),36.6553631,127.4944836
충청북도 청주시 청원구 오창읍 주성리 2산단4로 20,82.8216,16542,0,아파트(전월세),36.7352692,127.448001
충청북도 청주시 청원구 오창읍 주성리 2산단4로 20,82.8216,5335,46,아파트(전월세),36.7352692,127.448001
충청북도 청주시 청원구 오창읍 주성리 2산단로 125,57.7554,5682,29,아파트(전월세),36.7341863,127.4497485
충청북도 청주시 청원구 오창읍 양청리 중부로 760,70.9515,4000,115,아파트(전월세),36.7101176,127.4363397
충청북도 청주시 청원구 오창읍 주성리 2산단4로 60,57.7554,12357,0,아파트(전월세),36.7372588,127.4508094
충청북도 청주시 청원구 오창읍 주성리 2산단로 151,82.9434,16542,0,아파트(전월세),36.7354987,127.4511016
충청북도 청주시 청원구 율량동 공항로 105,105.81,13500,12,아파트(전월세),36.6662476,127.4854198
충청북도 청주시 흥덕구 가경동 풍년로103번길,20,100,27,단독다가구(전월세),36.6216419,127.4347457
충청북도 청주시 흥덕구 가경동 장구봉로26번길,97.72,500,30,단독다가구(전월세),36.6203457,127.4376782
충청북도 청주시 흥덕구 봉명동 월명로178번길,45,500,71,단독다가구(전월세),36.6504036,127.4558567
충청북도 청주시 흥덕구 봉명동 1순환로549번길,49.94,7000,0,단독다가구(전월세),36.6436555,127.4667631
충청북도 청주시 흥덕구 봉명동 덕암로71번길,59,500,70,단독다가구(전월세),36.6530557,127.4626248
충청북도 청주시 흥덕구 운천동 운천로,42,5000,0,단독다가구(전월세),36.6511465,127.4753961
충청북도 청주시 흥덕구 복대동 진재로35번길,110,3000,80,단독다가구(전월세),36.6338524,127.4282793
충청북도 청주시 흥덕구 복대동 진재로23번길,45,500,29,단독다가구(전월세),36.6329948,127.4285197
충청북도 청주시 흥덕구 오송읍 봉산리 오송생명12로,40,500,60,단독다가구(전월세),36.6226033,127.3148358
충청북도 청주시 흥덕구 오송읍 봉산리 봉산2길,40.42,2500,59,단독다가구(전월세),36.6210924,127.3189883
충청북도 청주시 흥덕구 오송읍 봉산리 오송생명14로,66,12000,0,단독다가구(전월세),36.6213379,127.3120193
충청북도 청주시 흥덕구 오송읍 봉산리 오송생명7로 151,59.98,34700,0,아파트(매매),36.6223386,127.3184637
충청북도 청주시 흥덕구 오송읍 봉산리 오송생명7로 151,59.7397,37400,0,아파트(매매),36.6223386,127.3184637
충청북도 청주시 흥덕구 강내면 월곡리 가로수로 640-47,84.8504,36500,0,아파트(매매),36.6237517,127.3709378
충청북도 청주시 흥덕구 복대동 대농로 45,70.678,58500,0,아파트(매매),36.6445295,127.4281209
충청북도 청주시 흥덕구 강서동 서현동로 21,27.54,1000,35,아파트(전월세),36.6241349,127.4294
충청북도 청주시 흥덕구 오송읍 봉산리 오송생명14로 283,84.914,25500,0,아파트(전월세),36.6213379,127.3120193
충청북도 청주시 흥덕구 송절동 송화로184번길 7,84.9725,30500,0,아파트(전월세),36.66808,127.4544564
충청북도 청주시 흥덕구 오송읍 봉산리 오송생명7로 151,59.9822,21000,0,아파트(전월세),36.6223386,127.3184637
충청북도 청주시 흥덕구 봉명동 직지대로 551,21.6256,500,60,아파트(전월세),36.6484342,127.4582594
충청북도 청주시 흥덕구 강서동 가로수로1164번길 41-28,29.86,1000,70,아파트(전월세),36.625537,127.428368
충청북도 청주시 흥덕구 복대동 내수동로12번길 5,65.88,1000,30,아파트(전월세),36.6331496,127.4491783
충청북도 청주시 흥덕구 오송읍 연제리 오송생명3로 111,84.8873,3000,100,아파트(전월세),36.6278036,127.3264449
충청북도 청주시 흥덕구 복대동 진재로 141,33.45,11900,0,오피스텔(매매),36.6436415,127.4310697
충청북도 청주시 흥덕구 강서동 2순환로 1222,22.08,500,50,오피스텔(전월세),36.6176842,127.4208609
충청북도 청주시 흥덕구 오송읍 연제리 오송생명로 161,58.76,14000,0,오피스텔(전월세),36.6325175,127.3274973
충청북도 청주시 흥덕구 오송읍 연제리 오송생명3로 31,24.63,400,42,오피스텔(전월세),36.634919,127.3286182
충청북도 청주시 흥덕구 오송읍 연제리 오송생명로 161,58.76,13700,0,오피스텔(전월세),36.6325175,127.3274973
충청북도 청주시 흥덕구 비하동 비하로18번길 10,36,300,38,오피스텔(전월세),36.6288083,127.4259278
충청북도 청주시 상당구 방서동 단재로293번길,50,500,40,단독다가구(전월세),36.6041096,127.5042139
충청북도 청주시 상당구 용암동 동남로135번길,61.38,1125,33,단독다가구(전월세),36.6069904,127.5193648
충청북도 청주시 상당구 용암동 동남로109번길,67.32,1047,29,단독다가구(전월세),36.6055857,127.516358
충청북도 청주시 상당구 용암동 동남로109번길,67.32,1047,29,단독다가구(전월세),36.6055857,127.516358
충청북도 청주시 상당구 용암동 동남로109번길,67.32,1047,30,단독다가구(전월세),36.6055857,127.516358
충청북도 청주시 상당구 용암동 동남로135번길,61.38,1125,33,단독다가구(전월세),36.6069904,127.5193648
충청북도 청주시 상당구 용정동 영운천로133번길,23.1,200,30,단독다가구(전월세),36.6223717,127.5115239
충청북도 청주시 상당구 금천동 중고개로337번길 23,70.22,12000,0,아파트(매매),36.6287505,127.5029504
충청북도 청주시 상당구 용암동 중고개로142번길 20,84.9687,49500,0,아파트(매매),36.6177681,127.5209221
충청북도 청주시 상당구 방서동 동남로 2,84.9481,45500,0,아파트(매매),36.605212,127.5148412
충청북도 청주시 상당구 방서동 2순환로 2031,84.8401,41000,0,아파트(매매),36.5980137,127.5008131
충청북도 청주시 상당구 용암동 중흥로 70,83.82,20500,0,아파트(매매),36.6112678,127.5050054
충청북도 청주시 상당구 용암동 중고개로142번길 17,84.9954,47000,0,아파트(매매),36.6192044,127.5180737
충청북도 청주시 상당구 용암동 월평로 243,60,8000,0,아파트(매매),36.6073418,127.5113323
충청북도 청주시 상당구 용암동 무농정로 90,41.85,7300,0,아파트(매매),36.6095394,127.5124562
충청북도 청주시 상당구 북문로2가 중앙로 9-1,18.975,200,10,아파트(전월세),36.6380162,127.4885306
충청북도 청주시 상당구 용암동 호미로 137,37.78,2412,28,아파트(전월세),36.6214102,127.5192939
충청북도 청주시 상당구 용암동 호미로 137,46.97,5906,12,아파트(전월세),36.6214102,127.5192939
충청북도 청주시 상당구 북문로2가 중앙로 9-1,38.03,100,20,아파트(전월세),36.6380162,127.4885306
충청북도 청주시 상당구 북문로2가 중앙로 9-1,38.11,100,20,아파트(전월세),36.6380162,127.4885306
충청북도 청주시 서원구 성화동 성화로,50,7000,0,단독다가구(전월세),36.610852,127.4498941
충청북도 청주시 서원구 산남동 두꺼비로 63,84.9992,28000,0,아파트(매매),36.6102658,127.4627307
충청북도 청주시 서원구 산남동 두꺼비로 93,84.9306,26300,0,아파트(매매),36.6125754,127.4627054
충청북도 청주시 서원구 산남동 두꺼비로 63,84.9992,28000,0,아파트(매매),36.6102658,127.4627307
충청북도 청주시 서원구 수곡동 수곡로 20,63.9348,31000,0,아파트(매매),36.6146618,127.4765967
충청북도 청주시 서원구 수곡동 구룡산로 319,39.3,9000,0,아파트(매매),36.6200079,127.4801332
충청북도 청주시 서원구 개신동 창직로12번길 65,84.96,17900,0,아파트(매매),36.6282925,127.4647481
충청북도 청주시 서원구 남이면 가마리 2순환로 1717,80.7532,26000,0,아파트(전월세),36.5983248,127.4693229
충청북도 청주시 서원구 사직동 창직로 50,84.4,15881,13,아파트(전월세),36.6296746,127.4668128
충청북도 청주시 서원구 성화동 구룡산로52번길 51,84.96,27500,0,아파트(전월세),36.6116539,127.4515471
충청북도 청주시 서원구 성화동 장전로 80,59.88,5915,10,아파트(전월세),36.616158,127.4576818
충청북도 청주시 서원구 성화동 장전로 11,46.93,2646,19,아파트(전월세),36.6176941,127.4509303
충청북도 청주시 서원구 남이면 가마리 2순환로 1717,80.7532,26000,0,아파트(전월세),36.5983248,127.4693229
충청북도 청주시 서원구 개신동 예체로7번길 33,38.655,9500,1,아파트(전월세),36.6262777,127.4673032
충청북도 청주시 서원구 성화동 구룡산로52번길 51,84.93,27000,0,아파트(전월세),36.6116539,127.4515471
충청북도 청주시 서원구 모충동 쌍샘로 22,51.9,5026,36,아파트(전월세),36.6276735,127.4803989
충청북도 청주시 서원구 모충동 쌍샘로 22,84.85,28500,0,아파트(전월세),36.6276735,127.4803989
충청북도 청주시 서원구 사직동 예체로 68,84.4,25000,0,아파트(전월세),36.6320742,127.4702659
충청북도 청주시 서원구 수곡동 청남로 2060,21.89,2498,13,아파트(전월세),36.6177955,127.4806869
충청북도 청주시 서원구 성화동 장전로 11,46.73,2646,19,아파트(전월세),36.6176941,127.4509303
충청북도 청주시 서원구 모충동 쌍샘로 22,74.89,27000,0,아파트(전월세),36.6276735,127.4803989
충청북도 청주시 서원구 모충동 쌍샘로 22,39.74,3089,31,아파트(전월세),36.6276735,127.4803989
충청북도 청주시 서원구 모충동 쌍샘로 22,39.74,3089,31,아파트(전월세),36.6276735,127.4803989
충청북도 청주시 서원구 모충동 쌍샘로 22,39.74,3089,31,아파트(전월세),36.6276735,127.4803989
충청북도 청주시 서원구 모충동 쌍샘로 22,39.74,3089,31,아파트(전월세),36.6276735,127.4803989
충청북도 청주시 서원구 미평동 남지로21번길 39,260.43,76000,0,연립다세대(매매),36.6038515,127.4609731
충청북도 청주시 서원구 산남동 1순환로 852,56.32,7500,0,연립다세대(전월세),36.6199997,127.4661018
충청북도 청주시 청원구 오창읍 양청리 양청길,25,300,31,단독다가구(전월세),36.7181131,127.4251107
충청북도 청주시 청원구 오창읍 양청리 양청택지로,30,200,38,단독다가구(전월세),36.7188273,127.42097
충청북도 청주시 청원구 율량동 율봉로176번길,33,300,35,단독다가구(전월세),36.6671266,127.4880388
충청북도 청주시 청원구 율량동 충청대로115번길,28.22,500,50,단독다가구(전월세),36.6668574,127.4921739
충청북도 청주시 청원구 율량동 율천북로119번길,50,500,35,단독다가구(전월세),36.6647819,127.4838067
충청북도 청주시 청원구 율량동 율량로201번길,53.5,500,75,단독다가구(전월세),36.664887,127.5003308
충청북도 청주시 청원구 율량동 율량로 157,103.7399,49000,0,아파트(매매),36.6683856,127.5001988
충청북도 청주시 청원구 율량동 율천북로 91,59.9396,31900,0,아파트(매매),36.6638933,127.4805035
충청북도 청주시 청원구 사천동 사뜸로61번길 106,49.5,11700,0,아파트(매매),36.6650833,127.476095
충청북도 청주시 청원구 사천동 사뜸로61번길 106,49.5,10000,0,아파트(매매),36.6650833,127.476095
충청북도 청주시 청원구 오창읍 양청리 중부로 760,84.9749,42500,0,아파트(매매),36.7101176,127.4363397
충청북도 청주시 청원구 내수읍 은곡리 은곡묵방길 52-10,59.739,9000,0,아파트(매매),36.7106935,127.5252742
충청북도 청주시 청원구 오창읍 각리 오창중앙로 13,59.86,18200,0,아파트(전월세),36.7092415,127.4284834
충청북도 청주시 청원구 오창읍 각리 오창중앙로 13,59.86,18200,0,아파트(전월세),36.7092415,127.4284834
충청북도 청주시 청원구 오창읍 복현리 복현3길 27,59.85,1000,60,아파트(전월세),36.7440624,127.4540434
충청북도 청주시 청원구 오창읍 주성리 2산단로 151,82.8216,16542,0,아파트(전월세),36.7354987,127.4511016
충청북도 청주시 청원구 오창읍 주성리 2산단로 125,57.7554,12567,0,아파트(전월세),36.7341863,127.4497485
충청북도 청주시 청원구 오창읍 주성리 2산단로 125,57.7554,12567,0,아파트(전월세),36.7341863,127.4497485
충청북도 청주시 청원구 오창읍 주성리 2산단4로 20,82.8216,16542,0,아파트(전월세),36.7352692,127.448001
충청북도 청주시 청원구 오창읍 주성리 2산단4로 20,82.8216,8538,33,아파트(전월세),36.7352692,127.448001
충청북도 청주시 청원구 오창읍 주성리 2산단4로 20,82.8216,16542,0,아파트(전월세),36.7352692,127.448001
충청북도 청주시 청원구 오창읍 주성리 2산단4로 60,57.7554,5587,28,아파트(전월세),36.7372588,127.4508094
충청북도 청주시 청원구 오창읍 주성리 2산단4로 60,57.7554,12357,0,아파트(전월세),36.7372588,127.4508094
충청북도 청주시 청원구 사천동 율봉로 31,84.78,2000,70,아파트(전월세),36.664107,127.4739025
충청북도 청주시 청원구 우암동 향군로 110,55.5488,9000,0,오피스텔(매매),36.6547248,127.4820526
충청북도 청주시 흥덕구 봉명동 백봉로,25,500,56,단독다가구(전월세),36.6498224,127.449979
충청북도 청주시 흥덕구 오송읍 연제리 연제길,30,3700,0,단독다가구(전월세),36.6264553,127.3200245
충청북도 청주시 흥덕구 운천동 사운로206번길,163.38,500,40,단독다가구(전월세),36.6477407,127.4785157
충청북도 청주시 흥덕구 오송읍 봉산리 봉산1길,25.89,1000,55,단독다가구(전월세),36.6195184,127.3218386
충청북도 청주시 흥덕구 가경동 서현중로31번길,74.53,8500,0,단독다가구(전월세),36.6206247,127.4282876
충청북도 청주시 흥덕구 복대동 월명로35번길,30.51,2000,75,단독다가구(전월세),36.6375638,127.4506854
충청북도 청주시 흥덕구 복대동 진재로103번길,34.1,300,65,단독다가구(전월세),36.6402273,127.4289495
충청북도 청주시 흥덕구 봉명동 덕암로,30,200,35,단독다가구(전월세),36.6519308,127.4599297
충청북도 청주시 흥덕구 봉명동 봉명로,30,300,47,단독다가구(전월세),36.6389982,127.4544288
충청북도 청주시 흥덕구 봉명동 1순환로535번길,39.67,400,50,단독다가구(전월세),36.6446147,127.4645515
충청북도 청주시 흥덕구 강서동 가로수로1154번길 21-5,22.64,3400,0,아파트(매매),36.6260386,127.4254955
충청북도 청주시 흥덕구 신봉동 사운로 335,84.87,18700,0,아파트(매매),36.6557542,127.4682255
충청북도 청주시 흥덕구 복대동 대농로 45,84.691,63500,0,아파트(매매),36.6445295,127.4281209
충청북도 청주시 흥덕구 복대동 짐대로 14,74.9884,23500,0,아파트(매매),36.6346605,127.4254603
충청북도 청주시 흥덕구 복대동 증안로 21,59.3291,20000,0,아파트(매매),36.6376709,127.4248296
충청북도 청주시 흥덕구 봉명동 월명로 124,44.13,9200,0,아파트(매매),36.6456809,127.4546154
충청북도 청주시 흥덕구 비하동 2순환로1050번길 24,59.86,11750,0,아파트(매매),36.6414463,127.4202048
충청북도 청주시 흥덕구 가경동 서현중로 48,84.9468,40200,0,아파트(매매),36.6228386,127.4295528
충청북도 청주시 흥덕구 가경동 가경로 158,59.34,14000,0,아파트(매매),36.6291383,127.4372913
충청북도 청주시 흥덕구 강서동 가로수로1144번길 72-2,59.88,13300,0,아파트(매매),36.6238386,127.4237501
충청북도 청주시 흥덕구 강서동 가로수로1144번길 72-2,59.88,13300,0,아파트(매매),36.6238386,127.4237501
충청북도 청주시 흥덕구 오송읍 봉산리 오송생명8로 178,59.8769,15270,0,아파트(전월세),36.6193122,127.3110625
충청북도 청주시 흥덕구 복대동 증안로 21,59.3291,18000,0,아파트(전월세),36.6376709,127.4248296
충청북도 청주시 흥덕구 강서동 가로수로1164번길 41-33,27.63,1000,60,아파트(전월세),36.6265,127.4281104
충청북도 청주시 흥덕구 강서동 가로수로1164번길 41-8,34.17,7200,0,아파트(전월세),36.6251574,127.4273632
충청북도 청주시 흥덕구 신봉동 1순환로 451,50.86,5000,0,아파트(전월세),36.6507127,127.4699711
충청북도 청주시 흥덕구 문암동 송화로 229,59.9721,32000,0,아파트(전월세),36.66747,127.451927
충청북도 청주시 흥덕구 봉명동 직지대로 551,27.7517,8144,0,아파트(전월세),36.6484342,127.4582594
충청북도 청주시 흥덕구 봉명동 직지대로 551,21.0286,6320,0,아파트(전월세),36.6484342,127.4582594
충청북도 청주시 흥덕구 봉명동 직지대로 551,21.0286,6320,0,아파트(전월세),36.6484342,127.4582594
충청북도 청주시 흥덕구 봉명동 직지대로 551,21.0286,6320,0,아파트(전월세),36.6484342,127.4582594
충청북도 청주시 흥덕구 봉명동 직지대로 551,21.0286,6320,0,아파트(전월세),36.6484342,127.4582594
충청북도 청주시 흥덕구 봉명동 직지대로 551,21.0286,6320,0,아파트(전월세),36.6484342,127.4582594
충청북도 청주시 흥덕구 봉명동 직지대로 551,27.7517,8144,0,아파트(전월세),36.6484342,127.4582594
충청북도 청주시 흥덕구 봉명동 직지대로 551,21.0286,1896,14,아파트(전월세),36.6484342,127.4582594
충청북도 청주시 흥덕구 봉명동 직지대로 551,21.0286,5056,4,아파트(전월세),36.6484342,127.4582594
충청북도 청주시 흥덕구 봉명동 직지대로 551,27.7517,4886,10,아파트(전월세),36.6484342,127.4582594
충청북도 청주시 흥덕구 봉명동 직지대로 551,21.0286,6320,0,아파트(전월세),36.6484342,127.4582594
충청북도 청주시 흥덕구 오송읍 봉산리 오송생명14로 215,84.9919,27000,0,아파트(전월세),36.6153468,127.3094805
충청북도 청주시 상당구 용암동 월평로144번길,42.9,300,35,단독다가구(전월세),36.610023,127.5005165
충청북도 청주시 상당구 용암동 중흥로31번길,26.4,200,32,단독다가구(전월세),36.6086323,127.5008793
충청북도 청주시 상당구 용암동 낙영로3번길,26,2000,0,단독다가구(전월세),36.6170508,127.5069599
충청북도 청주시 상당구 용암동 무농정로2번길,57.08,500,30,단독다가구(전월세),36.605012,127.5043779
충청북도 청주시 상당구 금천동 수영로 306,84.9767,22500,0,아파트(매매),36.6309045,127.5077069
충청북도 청주시 상당구 북문로3가 중앙로 80,84.6871,39500,0,아파트(매매),36.6434119,127.4883167
충청북도 청주시 상당구 용암동 중흥로 173,59.987,15600,0,아파트(매매),36.6192456,127.511194
충청북도 청주시 상당구 용담동 수영로 359,84.9813,40700,0,아파트(매매),36.635521,127.5119817
충청북도 청주시 상당구 금천동 꽃산동로 41,84.9,13000,0,아파트(매매),36.6223505,127.5090102
충청북도 청주시 상당구 탑동 용담로 50,84.847,41800,0,아파트(매매),36.6331952,127.4984246
충청북도 청주시 상당구 금천동 꽃산동로 41,84.9,13000,0,아파트(매매),36.6223505,127.5090102
충청북도 청주시 상당구 금천동 호미로 285,84.9916,21400,0,아파트(매매),36.6310575,127.5096998
충청북도 청주시 상당구 대성동 용담로63번길 33,84.95,17000,0,아파트(매매),36.6333797,127.4988269
충청북도 청주시 상당구 용정동 수영로 360,84.9874,39000,0,아파트(매매),36.632405,127.5128626
충청북도 청주시 상당구 용암동 중고개로142번길 17,84.9954,47000,0,아파트(매매),36.6192044,127.5180737
충청북도 청주시 상당구 탑동 용담로 50,84.847,36000,0,아파트(전월세),36.6331952,127.4984246
충청북도 청주시 상당구 용담동 수영로 359,84.9696,34500,0,아파트(전월세),36.635521,127.5119817
충청북도 청주시 상당구 탑동 용담로 50,84.847,36000,0,아파트(전월세),36.6331952,127.4984246
충청북도 청주시 상당구 용암동 호미로 137,26.58,2014,7,아파트(전월세),36.6214102,127.5192939
충청북도 청주시 상당구 용암동 호미로 137,37.78,4037,9,아파트(전월세),36.6214102,127.5192939
충청북도 청주시 상당구 용암동 월평로253번길 110,203.675,31000,0,연립다세대(매매),36.6096942,127.5153694
충청북도 청주시 상당구 남일면 효촌리 효촌송암길 18-26,27.8,100,20,연립다세대(전월세),36.5892269,127.5085152
충청북도 청주시 서원구 사창동 1순환로727번길,26,200,30,단독다가구(전월세),36.6291414,127.4629712
충청북도 청주시 서원구 개신동 경신로 67,49.93,14250,0,아파트(매매),36.6225849,127.4484175
충청북도 청주시 서원구 산남동 두꺼비로 63,84.9992,29200,0,아파트(매매),36.6102658,127.4627307
충청북도 청주시 서원구 수곡동 수곡로 20,76.9922,36900,0,아파트(매매),36.6146618,127.4765967
충청북도 청주시 서원구 분평동 1순환로1137번길 80,49.76,12800,0,아파트(매매),36.6098375,127.4941707
충청북도 청주시 서원구 분평동 1순환로1137번길 129,39.69,8500,0,아파트(매매),36.6120152,127.4913332
충청북도 청주시 서원구 모충동 매봉로 190,69.7627,22500,0,아파트(매매),36.6259868,127.4761169
충청북도 청주시 서원구 모충동 모충로96번길 51,73.62,8000,0,아파트(매매),36.6248428,127.473508
충청북도 청주시 서원구 분평동 매봉로2번길 55,156.74,27000,0,아파트(매매),36.6108935,127.4809674
충청북도 청주시 서원구 산남동 두꺼비로 53,84.955,29000,0,아파트(매매),36.6089194,127.4634665
충청북도 청주시 서원구 모충동 남들로35번길 61,49.59,3500,30,아파트(전월세),36.6213749,127.4808332
충청북도 청주시 서원구 모충동 쌍샘로 22,74.77,28000,0,아파트(전월세),36.6276735,127.4803989
충청북도 청주시 서원구 수곡동 수곡로 20,84.9616,34500,0,아파트(전월세),36.6146618,127.4765967
충청북도 청주시 청원구 주중동 율량로10번길,39.21,500,40,단독다가구(전월세),36.6730011,127.4885512
충청북도 청주시 청원구 율량동 율봉로222번길,24.28,1000,36,단독다가구(전월세),36.6667217,127.4928874
충청북도 청주시 청원구 주성동 율량로138번길,45,1000,60,단독다가구(전월세),36.6709687,127.4983995
충청북도 청주시 청원구 오창읍 구룡리 구룡2길,45,300,41,단독다가구(전월세),36.7111939,127.4126339
충청북도 청주시 청원구 율량동 주성로96번길 12,30.33,300,35,아파트(전월세),36.6678639,127.4778458
충청북도 청주시 청원구 율량동 충청대로 149,76.485,2000,70,아파트(전월세),36.669366,127.4941936
충청북도 청주시 청원구 율량동 공항로150번길 59,29.08,500,35,아파트(전월세),36.6711448,127.4876628
충청북도 청주시 흥덕구 오송읍 오송리 가로수로,73.92,500,50,단독다가구(전월세),36.6114084,127.3278427
충청북도 청주시 흥덕구 봉명동 덕암로103번길,28.09,300,35,단독다가구(전월세),36.6508339,127.4642335
충청북도 청주시 흥덕구 봉명동 덕암로35번길,23,0,50,단독다가구(전월세),36.6556257,127.4581453
충청북도 청주시 흥덕구 오송읍 봉산리 봉산1길,27.2,300,50,단독다가구(전월세),36.6195184,127.3218386
충청북도 청주시 흥덕구 비하동 가로수로1131번길 11,84.986,40000,0,아파트(매매),36.6276007,127.4216191
충청북도 청주시 흥덕구 비하동 2순환로1050번길 39,59.9,15000,0,아파트(매매),36.639854,127.4193688
충청북도 청주시 흥덕구 비하동 2순환로 1106,74.3861,44900,0,아파트(매매),36.6343609,127.4200832
충청북도 청주시 흥덕구 복대동 대신로73번길 50,74.8923,42500,0,아파트(매매),36.6401796,127.4326001
충청북도 청주시 흥덕구 가경동 가경로 158,72.61,15900,0,아파트(매매),36.6291383,127.4372913
충청북도 청주시 흥덕구 복대동 대농로 55,80.002,68500,0,아파트(매매),36.6430295,127.4291934
충청북도 청주시 흥덕구 옥산면 가락리 오송가락로 1056,77.271,31700,0,아파트(매매),36.670489,127.3840508
충청북도 청주시 흥덕구 복대동 대신로74번길 21,84.627,42500,0,아파트(매매),36.6408751,127.4363435
충청북도 청주시 흥덕구 복대동 죽천로146번길 6,84.97,26000,0,아파트(매매),36.6372762,127.4380015
충청북도 청주시 흥덕구 오송읍 만수리 오송생명5로 201,84.91,30700,0,아파트(매매),36.6289276,127.3301681
충청북도 청주시 흥덕구 오송읍 연제리 오송생명3로 111,84.9636,36500,0,아파트(매매),36.6278036,127.3264449
충청북도 청주시 흥덕구 복대동 대신로73번길 14,99.693,44000,0,아파트(매매),36.6408664,127.4343667
충청북도 청주시 흥덕구 송절동 송화로108번길 111,84.9725,46000,0,아파트(매매),36.6672962,127.4553032
충청북도 청주시 흥덕구 오송읍 봉산리 오송생명7로 151,59.7397,38800,0,아파트(매매),36.6223386,127.3184637
충청북도 청주시 흥덕구 복대동 가로수로1379번길 83,22.68,3600,0,아파트(매매),36.6362146,127.442859
충청북도 청주시 흥덕구 복대동 증안로 21,59.3291,18300,0,아파트(매매),36.6376709,127.4248296
충청북도 청주시 흥덕구 복대동 대농로 45,84.691,56500,0,아파트(매매),36.6445295,127.4281209
충청북도 청주시 흥덕구 송절동 송화로108번길 111,84.9725,46500,0,아파트(매매),36.6672962,127.4553032
충청북도 청주시 흥덕구 강서동 서부로 1123,84.7993,60000,0,아파트(매매),36.6176842,127.4208609
충청북도 청주시 흥덕구 옥산면 가락리 가락길 60,59.9318,16500,0,아파트(전월세),36.6724167,127.3813497
충청북도 청주시 흥덕구 오송읍 봉산리 오송생명7로 151,59.98,28800,0,아파트(전월세),36.6223386,127.3184637
충청북도 청주시 흥덕구 복대동 복대로 220,84.96,35100,0,아파트(전월세),36.6360805,127.4410148
충청북도 청주시 흥덕구 복대동 대신로74번길 21,123.61,42000,0,아파트(전월세),36.6408751,127.4363435
충청북도 청주시 상당구 용암동 동남로109번길,39.8,3000,70,단독다가구(전월세),36.6055857,127.516358
충청북도 청주시 상당구 북문로3가 중앙로 80,84.9935,39500,0,아파트(매매),36.6434119,127.4883167
충청북도 청주시 상당구 용정동 용정로 35,84.92,36300,0,아파트(매매),36.6309494,127.5176354
충청북도 청주시 상당구 용암동 중고개로142번길 20,100.9672,58000,0,아파트(매매),36.6177681,127.5209221
충청북도 청주시 상당구 방서동 2순환로 2031,84.891,40200,0,아파트(매매),36.5980137,127.5008131
충청북도 청주시 상당구 용암동 월평로 243,60,10900,0,아파트(매매),36.6073418,127.5113323
충청북도 청주시 상당구 용암동 중고개로 56,77.5023,39000,0,아파트(매매),36.6246168,127.5102407
충청북도 청주시 상당구 용암동 무농정로 90,59.76,1000,60,아파트(전월세),36.6095394,127.5124562
충청북도 청주시 상당구 용정동 용정로 25,84.92,31000,0,아파트(전월세),36.6300149,127.5154507
충청북도 청주시 상당구 문화동 용담로 7,84.7409,3000,130,아파트(전월세),36.6328927,127.4918219
충청북도 청주시 서원구 수곡동 수곡로5번길,106.09,10000,0,단독다가구(전월세),36.6145305,127.473049
충청북도 청주시 서원구 사창동 1순환로633번길,30.12,200,35,단독다가구(전월세),36.6380143,127.4610649
충청북도 청주시 서원구 수곡동 구룡산로 319,46.68,10500,0,아파트(매매),36.6200079,127.4801332
충청북도 청주시 서원구 분평동 분평로 18,84.9,20200,0,아파트(매매),36.6073842,127.4872828
충청북도 청주시 서원구 분평동 1순환로1137번길 80,59.99,16000,0,아파트(매매),36.6098375,127.4941707
충청북도 청주시 서원구 산남동 산미로 143,84.9823,30500,0,아파트(매매),36.6096086,127.4747491
충청북도 청주시 서원구 분평동 월평로 25,59.45,17000,0,아파트(매매),36.6119488,127.4879026
충청북도 청주시 서원구 분평동 월평로 28,181.62,39000,0,아파트(매매),36.6097574,127.4871643
충청북도 청주시 서원구 수곡동 수곡로 20,84.9616,41700,0,아파트(매매),36.6146618,127.4765967
충청북도 청주시 서원구 개신동 신율로 43,75.99,23000,0,아파트(매매),36.6220885,127.4452288
충청북도 청주시 서원구 산남동 원흥로 14,59.9364,18600,0,아파트(전월세),36.6081334,127.4729475
충청북도 청주시 서원구 분평동 1순환로1137번길 130,49.77,1000,44,아파트(전월세),36.6126277,127.4941736
충청북도 청주시 서원구 모충동 쌍샘로 22,59.96,25000,0,아파트(전월세),36.6276735,127.4803989
충청북도 청주시 서원구 모충동 모충로 61,39.69,8000,0,아파트(전월세),36.6278576,127.4699229
충청북도 청주시 서원구 분평동 1순환로1137번길 129,59.99,13000,0,아파트(전월세),36.6120152,127.4913332
충청북도 청주시 서원구 개신동 모충로 38,84.27,13500,0,아파트(전월세),36.6248727,127.4684175
충청북도 청주시 서원구 개신동 성봉로220번길 23,84.945,16000,0,아파트(전월세),36.6246524,127.4506001
충청북도 청주시 서원구 산남동 원흥로 14,59.9364,18900,0,아파트(전월세),36.6081334,127.4729475
충청북도 청주시 서원구 분평동 1순환로1137번길 130,59.99,12800,0,아파트(전월세),36.6126277,127.4941736
충청북도 청주시 서원구 수곡동 매봉로 82,41.3,300,35,아파트(전월세),36.6177524,127.4791203
충청북도 청주시 서원구 수곡동 매봉로 82,41.3,300,35,아파트(전월세),36.6177524,127.4791203
충청북도 청주시 서원구 수곡동 구룡산로 319,39.69,7000,0,아파트(전월세),36.6200079,127.4801332
충청북도 청주시 서원구 수곡동 구룡산로 319,39.3,300,25,아파트(전월세),36.6200079,127.4801332
충청북도 청주시 서원구 개신동 예체로 23,25.65,4800,0,오피스텔(매매),36.6281795,127.468289
충청북도 청주시 서원구 개신동 예체로 23,24.852,5000,0,오피스텔(매매),36.6281795,127.468289
충청북도 청주시 청원구 율량동 공항로138번길,22.07,500,60,단독다가구(전월세),36.6698733,127.4869434
충청북도 청주시 청원구 오창읍 양청리 양청택지4길,30,300,50,단독다가구(전월세),36.7209848,127.4252767
충청북도 청주시 청원구 우암동 향군로,54.7,8500,0,단독다가구(전월세),36.6527354,127.4834429
충청북도 청주시 청원구 오창읍 양청리 양청택지4길,30,300,50,단독다가구(전월세),36.7209848,127.4252767
충청북도 청주시 청원구 오창읍 양청리 양청택지1길,35,200,40,단독다가구(전월세),36.7184069,127.4210228
충청북도 청주시 청원구 오창읍 양청리 양청1길,30,300,40,단독다가구(전월세),36.7216967,127.4259624
충청북도 청주시 청원구 오창읍 주성리 주성3길,25,300,45,단독다가구(전월세),36.7376002,127.4542413
충청북도 청주시 청원구 오창읍 양청리 양청택지1길,25,200,39,단독다가구(전월세),36.7184069,127.4210228
충청북도 청주시 청원구 우암동 우암로53번길,25,0,40,단독다가구(전월세),36.6544006,127.4846963
충청북도 청주시 청원구 율량동 율봉로176번길,245.22,500,40,단독다가구(전월세),36.6671266,127.4880388
충청북도 청주시 청원구 사천동 율봉로56번길 5,59.71,7450,0,아파트(매매),36.6648381,127.4779617
충청북도 청주시 청원구 주성동 율량로 103,84.798,44400,0,아파트(매매),36.6734227,127.4977822
충청북도 청주시 청원구 오창읍 양청리 중부로 760,84.9749,42000,0,아파트(매매),36.7101176,127.4363397
충청북도 청주시 청원구 우암동 향군로74번길 26,26.13,4950,0,아파트(매매),36.6519567,127.4854548
충청북도 청주시 청원구 우암동 향군로74번길 26,26.13,4700,0,아파트(매매),36.6519567,127.4854548
충청북도 청주시 청원구 주중동 율량로 77,84.43,36000,0,아파트(전월세),36.6737847,127.4947624
충청북도 청주시 청원구 오창읍 창리 2산단4로 45,59.9853,2000,90,아파트(전월세),36.7377023,127.4480547
충청북도 청주시 청원구 내덕동 1순환로197번길 31,84.95,9000,0,아파트(전월세),36.6628346,127.4913639
충청북도 청주시 청원구 주성동 율량로 103,84.798,37000,0,아파트(전월세),36.6734227,127.4977822
충청북도 청주시 흥덕구 봉명동 봉명로,22,300,36,단독다가구(전월세),36.6389982,127.4544288
충청북도 청주시 흥덕구 가경동 서현중로19번길,45,2000,29,단독다가구(전월세),36.6197349,127.4291149
충청북도 청주시 흥덕구 봉명동 봉명로,22,300,39,단독다가구(전월세),36.6389982,127.4544288
충청북도 청주시 흥덕구 오송읍 연제리 연제1길,30,500,40,단독다가구(전월세),36.6262154,127.3222534
충청북도 청주시 흥덕구 비하동 2순환로,37.21,1000,55,단독다가구(전월세),36.6319687,127.4177744
충청북도 청주시 흥덕구 오송읍 연제리 연제길,41.5,6000,8,단독다가구(전월세),36.6264553,127.3200245
충청북도 청주시 흥덕구 오송읍 봉산리 오송생명7로 151,59.98,34200,0,아파트(매매),36.6223386,127.3184637
충청북도 청주시 흥덕구 오송읍 봉산리 오송생명7로 151,59.7397,38100,0,아파트(매매),36.6223386,127.3184637
충청북도 청주시 흥덕구 복대동 대농로 17,152.652,108400,0,아파트(매매),36.6438269,127.4251878
충청북도 청주시 흥덕구 옥산면 가락리 오송가락로 1056,77.271,32000,0,아파트(매매),36.670489,127.3840508
충청북도 청주시 흥덕구 가경동 서현중로 47,84.9667,45000,0,아파트(매매),36.6223782,127.4277735
충청북도 청주시 흥덕구 가경동 홍골로 82,84.8743,55000,0,아파트(매매),36.6298797,127.4447744
충청북도 청주시 흥덕구 가경동 서현로 30,84.839,59200,0,아파트(매매),36.6154888,127.4267978
충청북도 청주시 흥덕구 가경동 서현로 68,84.95,58400,0,아파트(매매),36.6159198,127.4317374
충청북도 청주시 흥덕구 가경동 2순환로1375번길 20,140.8506,52000,0,아파트(매매),36.6147264,127.4404509
충청북도 청주시 흥덕구 가경동 서현로 68,84.95,59300,0,아파트(매매),36.6159198,127.4317374
충청북도 청주시 흥덕구 비하동 2순환로 1106,84.9535,49000,0,아파트(매매),36.6343609,127.4200832
충청북도 청주시 흥덕구 봉명동 월명로 76,84.9695,49700,0,아파트(매매),36.6414259,127.4540063
충청북도 청주시 흥덕구 강내면 월탄리 태성탑연로 264,34.71,4850,0,아파트(매매),36.6109559,127.3516725
충청북도 청주시 흥덕구 강서동 서부로 1123,101.5539,68000,0,아파트(매매),36.6176842,127.4208609
충청북도 청주시 흥덕구 복대동 대농로 17,124.816,92600,0,아파트(매매),36.6438269,127.4251878
충청북도 청주시 흥덕구 복대동 대농로 45,84.78,64000,0,아파트(매매),36.6445295,127.4281209
충청북도 청주시 흥덕구 복대동 진재로 67,59.98,19300,0,아파트(매매),36.6372642,127.4287081
충청북도 청주시 흥덕구 복대동 진재로 67,59.98,19300,0,아파트(매매),36.6372642,127.4287081
충청북도 청주시 흥덕구 복대동 대농로 17,99.126,71000,0,아파트(매매),36.6438269,127.4251878
충청북도 청주시 흥덕구 복대동 대농로 17,124.816,91000,0,아파트(매매),36.6438269,127.4251878
충청북도 청주시 흥덕구 오송읍 만수리 오송생명5로 201,84.97,32000,0,아파트(매매),36.6289276,127.3301681
충청북도 청주시 흥덕구 비하동 비하로57번길 37,155.3889,36000,0,아파트(전월세),36.6315078,127.4216527
충청북도 청주시 흥덕구 강서동 강서로 111,26.8205,500,50,아파트(전월세),36.6250696,127.4286142
충청북도 청주시 흥덕구 강서동 가로수로1164번길 41-28,29.86,11000,0,아파트(전월세),36.625537,127.428368
충청북도 청주시 흥덕구 복대동 증안로 21,59.3291,18000,0,아파트(전월세),36.6376709,127.4248296
충청북도 청주시 흥덕구 송절동 송화로 115,84.99,34000,0,아파트(전월세),36.6635187,127.4443877
충청북도 청주시 흥덕구 송절동 송화로214번길 7,84.995,3000,130,아파트(전월세),36.6694702,127.4576636
충청북도 청주시 흥덕구 복대동 대농로 17,124.816,68000,0,아파트(전월세),36.6438269,127.4251878
충청북도 청주시 흥덕구 복대동 대농로 17,124.816,20000,230,아파트(전월세),36.6438269,127.4251878
충청북도 청주시 흥덕구 옥산면 가락리 오송가락로 1056,84.933,2000,110,아파트(전월세),36.670489,127.3840508
충청북도 청주시 흥덕구 오송읍 봉산리 오송생명7로 151,59.98,26000,0,아파트(전월세),36.6223386,127.3184637
충청북도 청주시 흥덕구 복대동 대농로 17,152.652,78750,0,아파트(전월세),36.6438269,127.4251878
충청북도 청주시 흥덕구 오송읍 봉산리 오송생명7로 151,59.8447,21000,0,아파트(전월세),36.6223386,127.3184637
충청북도 청주시 흥덕구 오송읍 봉산리 오송생명7로 151,59.98,26000,0,아파트(전월세),36.6223386,127.3184637
충청북도 청주시 흥덕구 오송읍 봉산리 오송생명14로 217,150.6402,41000,0,아파트(전월세),36.6213379,127.3120193
충청북도 청주시 흥덕구 오송읍 봉산리 오송생명14로 217,134.4924,5000,150,아파트(전월세),36.6213379,127.3120193
충청북도 청주시 흥덕구 강서동 2순환로 1222,22.08,300,40,오피스텔(전월세),36.6176842,127.4208609
충청북도 청주시 흥덕구 오송읍 연제리 오송생명3로 31,28.9,500,47,오피스텔(전월세),36.634919,127.3286182
충청북도 청주시 흥덕구 오송읍 연제리 오송생명3로 31,24.63,300,45,오피스텔(전월세),36.634919,127.3286182
충청북도 청주시 상당구 용정동 용정로,82,2000,51,단독다가구(전월세),36.6298847,127.5168272
충청북도 청주시 상당구 용암동 동남로,36.58,2000,80,단독다가구(전월세),36.605212,127.5148412
충청북도 청주시 상당구 용암동 중흥로 148,59.9187,17700,0,아파트(매매),36.6166972,127.5117754
충청북도 청주시 상당구 방서동 단재로 312,84.997,38800,0,아파트(매매),36.6022671,127.5040538
충청북도 청주시 상당구 탑동 용담로 50,65.971,32000,0,아파트(매매),36.6331952,127.4984246
충청북도 청주시 상당구 금천동 수영로 306,84.9767,22700,0,아파트(매매),36.6309045,127.5077069
충청북도 청주시 상당구 방서동 동남로 15,69.8386,37800,0,아파트(매매),36.6029748,127.508471
충청북도 청주시 상당구 용암동 중고개로142번길 20,84.9687,47500,0,아파트(매매),36.6177681,127.5209221
충청북도 청주시 상당구 용담동 호미로 329,59.987,18500,0,아파트(매매),36.6351813,127.5080395
충청북도 청주시 상당구 용담동 호미로 329,59.987,17500,0,아파트(매매),36.6351813,127.5080395
충청북도 청주시 상당구 용암동 무농정로 90,59.76,15700,0,아파트(매매),36.6095394,127.5124562
충청북도 청주시 상당구 용암동 무농정로 90,59.76,12000,0,아파트(전월세),36.6095394,127.5124562
충청북도 청주시 상당구 용암동 원봉로 52,49.8,8000,0,아파트(전월세),36.6146965,127.5098293
충청북도 청주시 상당구 용암동 원봉로 52,49.8,8000,0,아파트(전월세),36.6146965,127.5098293
충청북도 청주시 상당구 용암동 중고개로 140,116.6434,49000,0,아파트(전월세),36.6169444,127.5197269
충청북도 청주시 상당구 용암동 중고개로 56,84.9455,34000,0,아파트(전월세),36.6246168,127.5102407
충청북도 청주시 서원구 사창동 1순환로625번길,29.2,200,33,단독다가구(전월세),36.6382594,127.4606938
충청북도 청주시 서원구 모충동 남들로,33,500,30,단독다가구(전월세),36.6219285,127.4847186
충청북도 청주시 서원구 사창동 창신로32번길,60,500,65,단독다가구(전월세),36.6337613,127.4661903
충청북도 청주시 서원구 수곡동 구룡산로346번길,28,5500,0,단독다가구(전월세),36.6167345,127.4821406
충청북도 청주시 서원구 성화동 구룡산로 24,84.8572,38000,0,아파트(매매),36.6140849,127.4480118
충청북도 청주시 서원구 남이면 척북리 저산척북로 636-10,36.62,1700,0,아파트(매매),36.573052,127.4245928
충청북도 청주시 서원구 죽림동 대림로 493,51.74,15900,0,아파트(매매),36.6140977,127.4436978
충청북도 청주시 서원구 분평동 1순환로1137번길 80,49.77,11000,0,아파트(매매),36.6098375,127.4941707
충청북도 청주시 서원구 남이면 가마리 2순환로 1717,84.9114,30000,0,아파트(매매),36.5983248,127.4693229
충청북도 청주시 서원구 수곡동 매봉로 64,59.28,5000,35,아파트(전월세),36.616459,127.4784209
충청북도 청주시 서원구 분평동 월평로 25,59.45,12000,0,아파트(전월세),36.6119488,127.4879026
충청북도 청주시 서원구 수곡동 매봉로 101,46.68,6000,0,아파트(전월세),36.6192513,127.4777532
충청북도 청주시 서원구 개신동 경신로 67,49.93,12500,0,아파트(전월세),36.6225849,127.4484175
충청북도 청주시 서원구 수곡동 구룡산로 319,39.69,5000,0,아파트(전월세),36.6200079,127.4801332
충청북도 청주시 청원구 오창읍 양청리 양청5길,37,500,43,단독다가구(전월세),36.7239831,127.4372756
충청북도 청주시 청원구 오창읍 양청리 양청5길,25,200,35,단독다가구(전월세),36.7239831,127.4372756
충청북도 청주시 청원구 오창읍 양청리 양청택지1길,25,300,35,단독다가구(전월세),36.7184069,127.4210228
충청북도 청주시 청원구 율량동 율중로16번길,39.06,500,60,단독다가구(전월세),36.6600734,127.505057
충청북도 청주시 청원구 내덕동 공항로84번길 30,84.9603,26000,0,아파트(매매),36.6648504,127.4883268
충청북도 청주시 청원구 율량동 율봉로175번길 54,84.57,22700,0,아파트(매매),36.6707856,127.4898417
충청북도 청주시 청원구 사천동 율봉로56번길 5,59.14,8100,0,아파트(매매),36.6648381,127.4779617
충청북도 청주시 청원구 율량동 공항로 133,66.81,10000,0,아파트(매매),36.6689566,127.4841924
충청북도 청주시 청원구 주성동 율량로 103,84.798,45200,0,아파트(매매),36.6734227,127.4977822
충청북도 청주시 청원구 주성동 율량로 135,84.798,48500,0,아파트(매매),36.6707358,127.5006827
충청북도 청주시 청원구 오창읍 주성리 2산단로 151,82.8216,16542,0,아파트(전월세),36.7354987,127.4511016
충청북도 청주시 청원구 율량동 주성로96번길 12,30.33,4000,0,아파트(전월세),36.6678639,127.4778458
충청북도 청주시 청원구 오창읍 주성리 2산단4로 20,82.8216,8538,33,아파트(전월세),36.7352692,127.448001
충청북도 청주시 청원구 오창읍 주성리 2산단4로 60,57.7554,5587,28,아파트(전월세),36.7372588,127.4508094
충청북도 청주시 청원구 오창읍 주성리 2산단로 125,57.7554,12567,0,아파트(전월세),36.7341863,127.4497485
충청북도 청주시 청원구 오창읍 양청리 중부로 760,47.2986,14700,0,오피스텔(매매),36.7101176,127.4363397
충청북도 청주시 청원구 율량동 율량로 199,20.16,7000,0,오피스텔(전월세),36.6647485,127.4991084
충청북도 청주시 흥덕구 봉명동 백봉로,25,500,56,단독다가구(전월세),36.6498224,127.449979
충청북도 청주시 흥덕구 오송읍 만수리 만수1길,40.21,300,45,단독다가구(전월세),36.6239575,127.3289805
충청북도 청주시 흥덕구 봉명동 덕암로47번길,30,300,60,단독다가구(전월세),36.6555949,127.4595223
충청북도 청주시 흥덕구 봉명동 봉명로,22,200,33,단독다가구(전월세),36.6389982,127.4544288
충청북도 청주시 흥덕구 봉명동 덕암로47번길,30,300,55,단독다가구(전월세),36.6555949,127.4595223
충청북도 청주시 흥덕구 운천동 직지대로757번길,50,300,68,단독다가구(전월세),36.6456167,127.4764148
충청북도 청주시 흥덕구 봉명동 덕암로71번길,26,200,55,단독다가구(전월세),36.6530557,127.4626248
충청북도 청주시 흥덕구 봉명동 월명로178번길,45,900,75,단독다가구(전월세),36.6504036,127.4558567
충청북도 청주시 흥덕구 봉명동 1순환로584번길,39.67,300,40,단독다가구(전월세),36.6415945,127.4590542
충청북도 청주시 흥덕구 강서동 강서로71번길,37.3,1000,55,단독다가구(전월세),36.6233325,127.4238858
충청북도 청주시 흥덕구 복대동 짐대로50번길,20,200,51,단독다가구(전월세),36.6322679,127.4273426
충청북도 청주시 흥덕구 복대동 성봉로287번길,59.5,2000,0,단독다가구(전월세),36.6309416,127.4495589
충청북도 청주시 흥덕구 복대동 복대로209번길,25,500,51,단독다가구(전월세),36.6352757,127.4389426
충청북도 청주시 흥덕구 봉명동 덕암로71번길,26,200,60,단독다가구(전월세),36.6530557,127.4626248
충청북도 청주시 흥덕구 가경동 서현북로 15,133.5941,62500,0,아파트(매매),36.618148,127.4246968
충청북도 청주시 흥덕구 복대동 죽천로 27,84.9314,51500,0,아파트(매매),36.6392636,127.425751
충청북도 청주시 흥덕구 복대동 진재로103번길 37,84.842,43500,0,아파트(매매),36.6395216,127.4282839
충청북도 청주시 흥덕구 강서동 서부로 1123,84.7993,59300,0,아파트(매매),36.6176842,127.4208609
충청북도 청주시 흥덕구 비하동 2순환로1050번길 24,59.86,12800,0,아파트(매매),36.6414463,127.4202048
충청북도 청주시 흥덕구 복대동 복대로 159,39.82,10900,0,아파트(매매),36.6306331,127.4398495
충청북도 청주시 흥덕구 운천동 사운로 257,59.94,11100,0,아파트(매매),36.6486785,127.4747846
충청북도 청주시 흥덕구 강내면 탑연리 태성탑연로 391-34,59.78,10000,0,아파트(매매),36.6187795,127.3539779
충청북도 청주시 흥덕구 가경동 가경로 26,59.92,19500,0,아파트(매매),36.6186491,127.4436184
충청북도 청주시 흥덕구 가경동 서현북로 15,133.819,64000,0,아파트(매매),36.618148,127.4246968
충청북도 청주시 흥덕구 가경동 서현서로 40,84.965,38700,0,아파트(매매),36.6214114,127.426509
충청북도 청주시 흥덕구 오송읍 봉산리 오송생명7로 151,59.7397,38200,0,아파트(매매),36.6223386,127.3184637
충청북도 청주시 흥덕구 오송읍 봉산리 오송생명7로 151,59.7397,37300,0,아파트(매매),36.6223386,127.3184637
충청북도 청주시 흥덕구 오송읍 연제리 오송생명3로 87,84.7627,34500,0,아파트(매매),36.6304669,127.3267586
충청북도 청주시 흥덕구 강서동 2순환로 1228,19.96,7300,0,아파트(매매),36.627075,127.426675
충청북도 청주시 흥덕구 복대동 죽천로 27,84.9251,46200,0,아파트(매매),36.6392636,127.425751
충청북도 청주시 흥덕구 복대동 증안로 108,84.88,23300,0,아파트(매매),36.6341007,127.435087
충청북도 청주시 흥덕구 복대동 대농로 55,80.002,68200,0,아파트(매매),36.6430295,127.4291934
충청북도 청주시 흥덕구 복대동 대농로 55,80.135,70000,0,아파트(매매),36.6430295,127.4291934
충청북도 청주시 흥덕구 복대동 대신로74번길 21,99.693,45800,0,아파트(매매),36.6408751,127.4363435
충청북도 청주시 흥덕구 송절동 송화로214번길 7,84.995,38000,0,아파트(전월세),36.6694702,127.4576636
충청북도 청주시 흥덕구 가경동 서현로 62,84.84,46000,0,아파트(전월세),36.6167827,127.4286454
충청북도 청주시 흥덕구 복대동 대농로 55,80.135,3000,200,아파트(전월세),36.6430295,127.4291934
충청북도 청주시 흥덕구 송절동 송화로214번길 29,84.9361,3000,130,아파트(전월세),36.6681232,127.4589082
충청북도 청주시 흥덕구 오송읍 봉산리 오송생명14로 283,84.9924,25500,0,아파트(전월세),36.6213379,127.3120193
충청북도 청주시 흥덕구 복대동 대농로 17,124.816,1000,280,아파트(전월세),36.6438269,127.4251878
충청북도 청주시 흥덕구 복대동 증안로 21,59.293,18000,0,아파트(전월세),36.6376709,127.4248296
충청북도 청주시 흥덕구 송절동 송화로214번길 29,84.9361,35000,0,아파트(전월세),36.6681232,127.4589082
충청북도 청주시 흥덕구 강서동 서현동로 16-1,49.66,9000,0,아파트(전월세),36.6239296,127.4303908
충청북도 청주시 흥덕구 강서동 2순환로 1222,27.75,1000,70,아파트(전월세),36.6176842,127.4208609
충청북도 청주시 흥덕구 오송읍 연제리 오송생명5로 202,84.933,26000,0,아파트(전월세),36.6294461,127.3282184
충청북도 청주시 흥덕구 강서동 가로수로1164번길 41-44,28.8684,5000,22,아파트(전월세),36.6259179,127.4291547
충청북도 청주시 흥덕구 비하동 2순환로1050번길 39,59.9,11000,0,아파트(전월세),36.639854,127.4193688
충청북도 청주시 흥덕구 비하동 2순환로1050번길 13-14,45.32,500,60,아파트(전월세),36.6402241,127.4207587
충청북도 청주시 흥덕구 강서동 서현동로 16-1,49.66,9000,0,아파트(전월세),36.6239296,127.4303908
충청북도 청주시 흥덕구 강서동 가로수로1164번길 41-44,22.464,300,47,아파트(전월세),36.6259179,127.4291547
충청북도 청주시 흥덕구 강서동 가로수로1164번길 41-33,20.47,300,37,오피스텔(전월세),36.6265,127.4281104
충청북도 청주시 흥덕구 복대동 진재로 131,30.33,6000,40,오피스텔(전월세),36.642967,127.4309093
충청북도 청주시 흥덕구 복대동 진재로 141,48.35,10000,50,오피스텔(전월세),36.6436415,127.4310697
충청북도 청주시 흥덕구 강서동 2순환로 1222,22.08,7000,0,오피스텔(전월세),36.6176842,127.4208609
충청북도 청주시 흥덕구 강서동 가로수로1164번길 41-33,20.47,300,38,오피스텔(전월세),36.6265,127.4281104
충청북도 청주시 상당구 수동 교동로,233.5,500,25,단독다가구(전월세),36.636697,127.4985451
충청북도 청주시 상당구 용암동 동남로,68.47,18000,0,단독다가구(전월세),36.605212,127.5148412
충청북도 청주시 상당구 금천동 중고개로337번길 23,84.84,15000,0,아파트(매매),36.6287505,127.5029504
충청북도 청주시 상당구 용암동 중흥로 70,83.82,19500,0,아파트(매매),36.6112678,127.5050054
충청북도 청주시 상당구 방서동 동남로 2,74.9713,42700,0,아파트(매매),36.605212,127.5148412
충청북도 청주시 상당구 북문로3가 중앙로 80,84.9935,38700,0,아파트(매매),36.6434119,127.4883167
충청북도 청주시 상당구 용담동 호미로 329,59.987,16500,0,아파트(매매),36.6351813,127.5080395
충청북도 청주시 상당구 용담동 호미로 329,59.987,16600,0,아파트(매매),36.6351813,127.5080395
충청북도 청주시 상당구 용정동 수영로 360,84.9874,42000,0,아파트(매매),36.632405,127.5128626
충청북도 청주시 상당구 용담동 수영로 359,84.9822,40900,0,아파트(매매),36.635521,127.5119817
충청북도 청주시 상당구 금천동 꽃산동로 41,59.96,12800,0,아파트(매매),36.6223505,127.5090102
충청북도 청주시 상당구 용암동 월운로 116,84.8429,35000,0,아파트(전월세),36.6045661,127.5187258
충청북도 청주시 서원구 남이면 가마리 청남로,49.3,2000,50,단독다가구(전월세),36.5960485,127.4607885
충청북도 청주시 서원구 사직동 창직로 50,84.4,31800,0,아파트(매매),36.6296746,127.4668128
충청북도 청주시 서원구 모충동 쌍샘로 22,84.85,34800,0,아파트(매매),36.6276735,127.4803989
충청북도 청주시 서원구 개신동 경신로 67,49.93,14100,0,아파트(매매),36.6225849,127.4484175
충청북도 청주시 서원구 개신동 경신로 68,59.42,17500,0,아파트(매매),36.620993,127.4493921
충청북도 청주시 서원구 분평동 1순환로1137번길 130,39.69,8900,0,아파트(매매),36.6126277,127.4941736
충청북도 청주시 서원구 분평동 1순환로1137번길 80,49.77,9450,0,아파트(전월세),36.6098375,127.4941707
충청북도 청주시 서원구 모충동 쌍샘로 22,84.88,30000,0,아파트(전월세),36.6276735,127.4803989
충청북도 청주시 서원구 분평동 1순환로1137번길 129,59.99,10500,0,아파트(전월세),36.6120152,127.4913332
충청북도 청주시 서원구 개신동 신율로 43,84.86,23000,0,아파트(전월세),36.6220885,127.4452288
충청북도 청주시 서원구 수곡동 매봉로 82,41.3,300,35,아파트(전월세),36.6177524,127.4791203
충청북도 청주시 서원구 개신동 경신로 67,49.93,12500,5,아파트(전월세),36.6225849,127.4484175
충청북도 청주시 서원구 개신동 신율로 43,84.86,23400,0,아파트(전월세),36.6220885,127.4452288
충청북도 청주시 서원구 개신동 신율로 43,84.86,23400,0,아파트(전월세),36.6220885,127.4452288
충청북도 청주시 서원구 수곡동 구룡산로 327,65.25,2000,50,아파트(전월세),36.6188268,127.4809095
충청북도 청주시 서원구 분평동 월평로 28,181.62,33500,0,아파트(전월세),36.6097574,127.4871643
충청북도 청주시 서원구 수곡동 수곡로 20,84.9722,37000,0,아파트(전월세),36.6146618,127.4765967
충청북도 청주시 청원구 우암동 교서로168번길,30.94,300,50,단독다가구(전월세),36.6511239,127.4813883
충청북도 청주시 청원구 율량동 율중로16번길,24.56,300,45,단독다가구(전월세),36.6600734,127.505057
충청북도 청주시 청원구 우암동 대성로261번길,31.5,10000,0,단독다가구(전월세),36.6486612,127.4907331
충청북도 청주시 청원구 주중동 율량로32번길,65,11500,0,단독다가구(전월세),36.6726817,127.4895142
충청북도 청주시 청원구 오창읍 양청리 양청길,36.5,500,55,단독다가구(전월세),36.7181131,127.4251107
충청북도 청주시 청원구 오창읍 양청리 양청길,32,500,46,단독다가구(전월세),36.7181131,127.4251107
충청북도 청주시 청원구 율량동 율봉로201번길 34,32.76,6400,0,아파트(매매),36.6699772,127.4922574
충청북도 청주시 청원구 오창읍 각리 오창중앙로 65,59.9101,21700,0,아파트(매매),36.7052817,127.423303
충청북도 청주시 청원구 오창읍 각리 오창중앙로 65,59.9101,21700,0,아파트(매매),36.7052817,127.423303
충청북도 청주시 청원구 오창읍 각리 오창중앙로 64,59.9851,20500,0,아파트(매매),36.7075956,127.4225081
충청북도 청주시 청원구 오창읍 각리 오창중앙로 27,84.9696,28500,0,아파트(매매),36.7071938,127.4262605
충청북도 청주시 청원구 사천동 율봉로 77,84.81,19100,0,아파트(매매),36.6659983,127.4775518
충청북도 청주시 청원구 오창읍 주성리 2산단로 151,82.8216,5283,45,아파트(전월세),36.7354987,127.4511016
충청북도 청주시 청원구 오창읍 주성리 2산단로 125,57.7554,3278,39,아파트(전월세),36.7341863,127.4497485
충청북도 청주시 청원구 오창읍 주성리 2산단4로 60,57.7554,12357,0,아파트(전월세),36.7372588,127.4508094
충청북도 청주시 청원구 오창읍 주성리 2산단4로 20,82.8216,16542,0,아파트(전월세),36.7352692,127.448001
충청북도 청주시 청원구 오창읍 주성리 2산단로 151,82.8216,16542,0,아파트(전월세),36.7354987,127.4511016
충청북도 청주시 청원구 오창읍 각리 오창중앙로 27,84.9696,25000,0,아파트(전월세),36.7071938,127.4262605
충청북도 청주시 청원구 오창읍 주성리 2산단로 151,82.7462,14887,0,아파트(전월세),36.7354987,127.4511016
충청북도 청주시 청원구 율량동 주성로96번길 8,45.36,7500,0,아파트(전월세),36.6681797,127.4773986
충청북도 청주시 청원구 내덕동 새터로 27,34.4,500,35,오피스텔(전월세),36.6557325,127.4861879
충청북도 청주시 청원구 오창읍 각리 오창공원로 96,23.34,500,55,오피스텔(전월세),36.7131077,127.4225889
충청북도 청주시 흥덕구 봉명동 1순환로584번길,30,200,30,단독다가구(전월세),36.6415945,127.4590542
충청북도 청주시 흥덕구 오송읍 봉산리 오송생명14로,25.53,500,60,단독다가구(전월세),36.6213379,127.3120193
충청북도 청주시 흥덕구 가경동 2순환로,24,200,30,단독다가구(전월세),36.6202813,127.4342385
충청북도 청주시 흥덕구 가경동 서현서로29번길,40,300,45,단독다가구(전월세),36.6187025,127.4264507
충청북도 청주시 흥덕구 복대동 대신로67번길,25,500,60,단독다가구(전월세),36.6389834,127.4340648
충청북도 청주시 흥덕구 봉명동 1순환로608번길,40,500,60,단독다가구(전월세),36.6388426,127.4581344
충청북도 청주시 흥덕구 봉명동 직지대로667번길,25,2000,25,단독다가구(전월세),36.6442722,127.4668106
충청북도 청주시 흥덕구 봉명동 직지대로667번길,30,200,35,단독다가구(전월세),36.6442722,127.4668106
충청북도 청주시 흥덕구 봉명동 봉명로205번길,30.1,300,30,단독다가구(전월세),36.6411689,127.4642509
충청북도 청주시 흥덕구 가경동 서현서로 40,84.962,42000,0,아파트(매매),36.6214114,127.426509
충청북도 청주시 흥덕구 복대동 대농로 55,80.499,59000,0,아파트(매매),36.6430295,127.4291934
충청북도 청주시 흥덕구 가경동 서현로 62,84.99,63000,0,아파트(매매),36.6167827,127.4286454
충청북도 청주시 흥덕구 비하동 가로수로1131번길 12,84.986,39300,0,아파트(매매),36.6272169,127.4230285
충청북도 청주시 흥덕구 복대동 죽천로 27,59.8948,38400,0,아파트(매매),36.6392636,127.425751
충청북도 청주시 흥덕구 가경동 서현로 66,84.69,57500,0,아파트(매매),36.6175655,127.4310765
충청북도 청주시 흥덕구 가경동 가경로 61,117.42,27700,0,아파트(매매),36.6207782,127.4404431
충청북도 청주시 흥덕구 옥산면 가락리 가락길 60,59.9318,2000,70,아파트(전월세),36.6724167,127.3813497
충청북도 청주시 흥덕구 오송읍 연제리 연제만수길 17,84.9922,24000,0,아파트(전월세),36.6266037,127.3265688
충청북도 청주시 흥덕구 신봉동 1순환로513번길 33,59.94,11000,0,아파트(전월세),36.6458647,127.4677852
충청북도 청주시 흥덕구 신봉동 1순환로 451,54.63,5900,0,아파트(전월세),36.6507127,127.4699711
충청북도 청주시 흥덕구 오송읍 봉산리 오송생명14로 217,150.6402,38000,0,아파트(전월세),36.6213379,127.3120193
충청북도 청주시 흥덕구 복대동 대농로 55,80.135,40000,0,아파트(전월세),36.6430295,127.4291934
충청북도 청주시 흥덕구 강내면 탑연리 태성탑연로 391-34,31.64,300,30,아파트(전월세),36.6187795,127.3539779
충청북도 청주시 흥덕구 운천동 사운로 283,39.69,4000,0,아파트(전월세),36.6486785,127.4747846
충청북도 청주시 흥덕구 복대동 진재로 141,33.45,11850,0,오피스텔(매매),36.6436415,127.4310697
충청북도 청주시 흥덕구 복대동 진재로 141,48.35,19000,0,오피스텔(전월세),36.6436415,127.4310697
충청북도 청주시 상당구 용정동 중고개로220번길,40,500,35,단독다가구(전월세),36.623942,127.5133094
충청북도 청주시 상당구 용정동 영운천로187번길,33,200,33,단독다가구(전월세),36.6252499,127.5156939
충청북도 청주시 상당구 탑동 용담로 50,65.971,32900,0,아파트(매매),36.6331952,127.4984246
충청북도 청주시 상당구 용암동 중고개로142번길 20,84.9687,50000,0,아파트(매매),36.6177681,127.5209221
충청북도 청주시 상당구 용암동 무농정로 103,59.94,12100,0,아파트(매매),36.6112061,127.5118601
충청북도 청주시 상당구 방서동 단재로 316,73.5823,40000,0,아파트(매매),36.6012676,127.501046
충청북도 청주시 상당구 금천동 꽃산동로 40,59.85,5550,0,아파트(매매),36.623122,127.5076021
충청북도 청주시 상당구 용암동 원봉로 52,49.8,1000,50,아파트(전월세),36.6146965,127.5098293
충청북도 청주시 상당구 용암동 호미로 137,37.78,4231,11,아파트(전월세),36.6214102,127.5192939
충청북도 청주시 상당구 용암동 호미로 137,37.78,3756,9,아파트(전월세),36.6214102,127.5192939
충청북도 청주시 상당구 용암동 호미로 137,26.58,2197,9,아파트(전월세),36.6214102,127.5192939
충청북도 청주시 상당구 금천동 꽃산동로 4-20,71.0515,15300,0,연립다세대(매매),36.6264884,127.5084287
충청북도 청주시 상당구 금천동 영운천로91번길 72,49.14,4000,0,연립다세대(매매),36.6224894,127.505568
충청북도 청주시 서원구 사창동 1순환로633번길,20,5000,0,단독다가구(전월세),36.6380143,127.4610649
충청북도 청주시 서원구 죽림동 대림로421번가길,171.26,25000,0,단독다가구(전월세),36.6085503,127.4382422
충청북도 청주시 서원구 분평동,26.44,200,34,단독다가구(전월세),36.5980141,127.4866597
충청북도 청주시 서원구 분평동 월평로 25,49.81,10000,0,아파트(매매),36.6119488,127.4879026
충청북도 청주시 서원구 분평동 1순환로1137번길 80,49.77,11400,0,아파트(매매),36.6098375,127.4941707
충청북도 청주시 서원구 분평동 매봉로 26-1,134.7217,41000,0,아파트(매매),36.6123615,127.4788511
충청북도 청주시 서원구 개신동 창직로12번길 65,84.96,17100,0,아파트(매매),36.6282925,127.4647481
충청북도 청주시 서원구 개신동 신율로 13,84.7858,29000,0,아파트(매매),36.6194207,127.4470454
충청북도 청주시 서원구 개신동 창직로12번길 65,84.96,17100,0,아파트(매매),36.6282925,127.4647481
충청북도 청주시 서원구 분평동 1순환로1137번길 80,39.69,8930,0,아파트(매매),36.6098375,127.4941707
충청북도 청주시 서원구 모충동 쌍샘로 22,59.76,28400,0,아파트(매매),36.6276735,127.4803989
충청북도 청주시 서원구 모충동 구룡산로405번길 54,57.29,4300,0,아파트(매매),36.620524,127.4899588
충청북도 청주시 서원구 모충동 모충로 61,39.3,8000,0,아파트(전월세),36.6278576,127.4699229
충청북도 청주시 서원구 분평동 1순환로1137번길 129,59.71,13000,0,아파트(전월세),36.6120152,127.4913332
충청북도 청주시 서원구 분평동 안뜸로12번길 13,34.8899,500,45,아파트(전월세),36.6116953,127.4791994
충청북도 청주시 서원구 수곡동 매봉로60번길 18,29.16,1000,35,아파트(전월세),36.6152446,127.4788773
충청북도 청주시 서원구 수곡동 수곡로 88,138.81,2000,100,아파트(전월세),36.6197862,127.4722191
충청북도 청주시 서원구 산남동 원흥로 14,59.9364,18900,0,아파트(전월세),36.6081334,127.4729475
충청북도 청주시 서원구 모충동 쌍샘로 81,38.52,500,40,아파트(전월세),36.6264234,127.4743807
충청북도 청주시 서원구 사창동 1순환로 689,60.03,7500,0,아파트(전월세),36.6322818,127.4614904
충청북도 청주시 서원구 개신동 복대로17번길 23,23.18,300,30,아파트(전월세),36.6181734,127.4452302
충청북도 청주시 청원구 율량동 율량로201번길,39.39,500,60,단독다가구(전월세),36.664887,127.5003308
충청북도 청주시 청원구 오창읍 양청리 양청택지로,40,6500,0,단독다가구(전월세),36.7188273,127.42097
충청북도 청주시 청원구 율량동 사뜸로 62,59.86,11700,0,아파트(매매),36.6677389,127.481623
충청북도 청주시 청원구 오창읍 양청리 중부로 760,84.9241,40000,0,아파트(매매),36.7101176,127.4363397
충청북도 청주시 청원구 오창읍 각리 오창중앙로 27,84.9796,27200,0,아파트(매매),36.7071938,127.4262605
충청북도 청주시 청원구 내수읍 은곡리 은곡묵방길 28,38.61,2900,0,아파트(매매),36.709938,127.5252976
충청북도 청주시 청원구 내덕동 안덕벌로69번길 50,30.31,300,40,아파트(전월세),36.6607461,127.4943571
충청북도 청주시 청원구 오창읍 주성리 2산단4로 60,57.7554,12357,0,아파트(전월세),36.7372588,127.4508094
충청북도 청주시 청원구 오창읍 주성리 2산단로 151,82.8216,16542,0,아파트(전월세),36.7354987,127.4511016
충청북도 청주시 청원구 율량동 율봉로201번길 34,32.76,500,40,아파트(전월세),36.6699772,127.4922574
충청북도 청주시 청원구 오창읍 각리 오창중앙로 13,59.86,1000,90,아파트(전월세),36.7092415,127.4284834
충청북도 청주시 청원구 오창읍 각리 오창중앙로 83,84.8307,2000,100,아파트(전월세),36.7061317,127.4197658
충청북도 청주시 청원구 오창읍 주성리 2산단로 125,57.7554,12567,0,아파트(전월세),36.7341863,127.4497485
충청북도 청주시 청원구 오창읍 주성리 2산단로 125,57.7554,5682,29,아파트(전월세),36.7341863,127.4497485
충청북도 청주시 청원구 오창읍 주성리 2산단4로 20,82.8216,16542,0,아파트(전월세),36.7352692,127.448001
충청북도 청주시 청원구 오창읍 주성리 2산단4로 60,57.7554,5587,28,아파트(전월세),36.7372588,127.4508094
충청북도 청주시 흥덕구 오송읍 봉산리 봉산2길,29.02,500,54,단독다가구(전월세),36.6210924,127.3189883
충청북도 청주시 흥덕구 복대동 풍산로133번길,54.3,1000,70,단독다가구(전월세),36.6305452,127.4448949
충청북도 청주시 흥덕구 복대동 신율로180번길,25,200,29,단독다가구(전월세),36.6328217,127.4492348
충청북도 청주시 흥덕구 복대동 풍산로118번길,58.14,3500,20,단독다가구(전월세),36.6283552,127.4428449
충청북도 청주시 흥덕구 복대동 진재로55번길,90,500,75,단독다가구(전월세),36.6360259,127.4274114
충청북도 청주시 흥덕구 봉명동 덕암로,21,500,60,단독다가구(전월세),36.6519308,127.4599297
충청북도 청주시 흥덕구 비하동 비하로56번길,26.4,2000,40,단독다가구(전월세),36.6320129,127.4250564
충청북도 청주시 흥덕구 봉명동 덕암로108번길,34,1000,70,단독다가구(전월세),36.6507378,127.4600774
충청북도 청주시 흥덕구 봉명동 덕암로107번길,25,300,33,단독다가구(전월세),36.650422,127.4642827
충청북도 청주시 흥덕구 복대동 성봉로271번길,19.38,200,30,단독다가구(전월세),36.6292894,127.4492551
충청북도 청주시 흥덕구 가경동 장구봉로41번길,30.12,500,45,단독다가구(전월세),36.6226519,127.4384463
충청북도 청주시 흥덕구 봉명동 덕암로30번길 19,84.81,22000,0,아파트(매매),36.6521297,127.4579147
충청북도 청주시 흥덕구 봉명동 월명로 114,59.67,10300,0,아파트(매매),36.644475,127.4542792
충청북도 청주시 흥덕구 가경동 서현로 62,84.97,64800,0,아파트(매매),36.6167827,127.4286454
충청북도 청주시 흥덕구 가경동 서현서로 40,84.965,39000,0,아파트(매매),36.6214114,127.426509
충청북도 청주시 흥덕구 송절동 송화로214번길 29,84.9967,45000,0,아파트(매매),36.6681232,127.4589082
충청북도 청주시 흥덕구 가경동 서현로 30,84.839,58000,0,아파트(매매),36.6154888,127.4267978
충청북도 청주시 흥덕구 강서동 가로수로1154번길 56-2,26.46,3100,0,아파트(매매),36.6242816,127.4248325
충청북도 청주시 흥덕구 복대동 대농로 17,124.816,90000,0,아파트(매매),36.6438269,127.4251878
충청북도 청주시 흥덕구 송절동 송화로214번길 7,84.995,51800,0,아파트(매매),36.6694702,127.4576636
충청북도 청주시 흥덕구 운천동 사운로 278,30.42,5800,0,아파트(매매),36.6486785,127.4747846
충청북도 청주시 흥덕구 복대동 대신로74번길 21,84.627,39000,0,아파트(매매),36.6408751,127.4363435
충청북도 청주시 흥덕구 복대동 대농로 17,99.126,75000,0,아파트(매매),36.6438269,127.4251878
충청북도 청주시 흥덕구 비하동 2순환로 1106,74.3861,45000,0,아파트(매매),36.6343609,127.4200832
충청북도 청주시 흥덕구 강서동 2순환로 1222,18.28,6500,0,아파트(매매),36.6176842,127.4208609
충청북도 청주시 흥덕구 옥산면 가락리 오송가락로 1056,84.988,33000,0,아파트(매매),36.670489,127.3840508
충청북도 청주시 흥덕구 복대동 장구봉로101번길 45,84.89,4000,50,아파트(전월세),36.6260158,127.4427807
충청북도 청주시 흥덕구 복대동 대농로 55,80.499,40950,0,아파트(전월세),36.6430295,127.4291934
충청북도 청주시 흥덕구 가경동 서현로 66,72.53,40000,0,아파트(전월세),36.6175655,127.4310765
충청북도 청주시 흥덕구 오송읍 봉산리 오송생명14로 217,150.6402,41000,0,아파트(전월세),36.6213379,127.3120193
충청북도 청주시 흥덕구 가경동 경신로 9,51.49,2728,13,아파트(전월세),36.6203465,127.4430771
충청북도 청주시 흥덕구 옥산면 가락리 가락길 60,59.9318,1000,75,아파트(전월세),36.6724167,127.3813497
충청북도 청주시 흥덕구 오송읍 만수리 오송가락로 235,51.93,2634,21,아파트(전월세),36.6281339,127.3314433
충청북도 청주시 흥덕구 옥산면 오산리 오송가락로 760,31.05,200,30,아파트(전월세),36.6636839,127.3704497
충청북도 청주시 흥덕구 오송읍 봉산리 오송생명7로 151,59.98,2000,100,아파트(전월세),36.6223386,127.3184637
충청북도 청주시 흥덕구 강서동 가로수로1164번길 41-33,27.63,1000,60,아파트(전월세),36.6265,127.4281104
충청북도 청주시 흥덕구 복대동 장구봉로101번길 45,84.89,4000,50,아파트(전월세),36.6260158,127.4427807
충청북도 청주시 흥덕구 비하동 2순환로1050번길 39,59.9,12300,0,아파트(전월세),36.639854,127.4193688
충청북도 청주시 흥덕구 복대동 대농로 55,80.002,3000,190,아파트(전월세),36.6430295,127.4291934
충청북도 청주시 흥덕구 봉명동 직지대로581번길 33-12,53.85,500,40,아파트(전월세),36.6460097,127.4565972
충청북도 청주시 흥덕구 비하동 청향로5번길 18,45.72,200,55,연립다세대(전월세),36.6370284,127.4221772
충청북도 청주시 흥덕구 오송읍 만수리 오송생명5로 275,30.765,5270,0,오피스텔(매매),36.6234169,127.3251291
충청북도 청주시 흥덕구 강서동 가로수로1164번길 41-33,20.47,300,38,오피스텔(전월세),36.6265,127.4281104
충청북도 청주시 흥덕구 강서동 2순환로 1228,23.43,500,50,오피스텔(전월세),36.627075,127.426675
충청북도 청주시 흥덕구 강서동 가로수로1164번길 41-33,37.61,8900,0,오피스텔(전월세),36.6265,127.4281104
충청북도 청주시 상당구 용암동 월평로150번길,27,300,30,단독다가구(전월세),36.6099826,127.5011194
충청북도 청주시 상당구 용암동 월평로214번길,52.68,300,38,단독다가구(전월세),36.6076935,127.5065566
충청북도 청주시 상당구 용암동 용암북로168번길,23.1,200,35,단독다가구(전월세),36.62218,127.5162827
충청북도 청주시 상당구 용암동 월평로218번길,111.98,10000,0,단독다가구(전월세),36.6071072,127.5060301
충청북도 청주시 상당구 수동 수동로,55,6000,0,단독다가구(전월세),36.6460045,127.4939112
충청북도 청주시 상당구 영운동 수영로 136,53.34,5000,0,아파트(매매),36.6165991,127.5005068
충청북도 청주시 상당구 용암동 중고개로 56,77.8325,39000,0,아파트(매매),36.6246168,127.5102407
충청북도 청주시 상당구 용암동 중흥로 148,59.4045,17000,0,아파트(매매),36.6166972,127.5117754
충청북도 청주시 상당구 방서동 동남로 15,84.9687,41500,0,아파트(매매),36.6029748,127.508471
충청북도 청주시 상당구 금천동 호미로233번길 74,84.9767,18500,0,아파트(매매),36.6271982,127.5101122
충청북도 청주시 상당구 금천동 수영로 328,84.8943,23500,0,아파트(매매),36.632051,127.5089878
충청북도 청주시 상당구 금천동 중고개로337번길 23,127.22,11000,0,아파트(전월세),36.6287505,127.5029504
충청북도 청주시 상당구 용암동 무심동로 86,84.78,18000,0,아파트(전월세),36.6138526,127.4980663
충청북도 청주시 상당구 용암동 호미로 137,46.83,4106,20,아파트(전월세),36.6214102,127.5192939
충청북도 청주시 상당구 용암동 원봉로 52,49.8,8800,0,아파트(전월세),36.6146965,127.5098293
충청북도 청주시 상당구 금천동 꽃산서로8번길 16,61.83,1000,40,아파트(전월세),36.6248719,127.5057128
충청북도 청주시 상당구 금천동 꽃산동로 41,84.9,12000,0,아파트(전월세),36.6223505,127.5090102
충청북도 청주시 상당구 금천동 꽃산동로 41,84.9,12000,0,아파트(전월세),36.6223505,127.5090102
충청북도 청주시 상당구 용암동 호미로 137,26.58,1823,7,아파트(전월세),36.6214102,127.5192939
충청북도 청주시 서원구 사창동 사직대로175번길,29.97,500,40,단독다가구(전월세),36.6366534,127.4668292
충청북도 청주시 서원구 수곡동 수곡로114번길,39.98,100,27,단독다가구(전월세),36.6214269,127.4696912
충청북도 청주시 서원구 수곡동 청남로2074번길,56.9,0,20,단독다가구(전월세),36.6171471,127.4895803
충청북도 청주시 서원구 사직동 남사로 14,22.2,2900,0,아파트(매매),36.6297998,127.4782683
충청북도 청주시 서원구 분평동 1순환로1137번길 79,137.504,33500,0,아파트(매매),36.6098701,127.4913384
충청북도 청주시 서원구 분평동 1순환로1137번길 130,59.99,14800,0,아파트(매매),36.6126277,127.4941736
충청북도 청주시 서원구 죽림동 대림로 493,51.74,15400,0,아파트(매매),36.6140977,127.4436978
충청북도 청주시 서원구 개신동 경신로 67,49.93,14600,0,아파트(매매),36.6225849,127.4484175
충청북도 청주시 서원구 모충동 구룡산로389번길 79,30.78,3850,0,아파트(매매),36.621953,127.4885882
충청북도 청주시 서원구 모충동 남들로35번길 61,49.59,8500,0,아파트(매매),36.6213749,127.4808332
충청북도 청주시 서원구 성화동 구룡산로 24,84.8572,33000,0,아파트(매매),36.6140849,127.4480118
충청북도 청주시 서원구 산남동 두꺼비로 109,59.8886,19500,0,아파트(매매),36.6140267,127.4633481
충청북도 청주시 서원구 남이면 척북리 저산척북로 636-10,59.86,4000,10,아파트(전월세),36.573052,127.4245928
충청북도 청주시 서원구 사직동 창직로 50,84.4,13636,18,아파트(전월세),36.6296746,127.4668128
충청북도 청주시 서원구 모충동 쌍샘로 22,84.88,30000,0,아파트(전월세),36.6276735,127.4803989
충청북도 청주시 서원구 사직동 창직로 50,84.4,13636,18,아파트(전월세),36.6296746,127.4668128
충청북도 청주시 서원구 사직동 창직로 50,84.4,19481,0,아파트(전월세),36.6296746,127.4668128
충청북도 청주시 서원구 수곡동 수곡로 36,59.76,13000,0,아파트(전월세),36.6156758,127.4749723
충청북도 청주시 서원구 수곡동 매봉로 82,49.94,8400,0,아파트(전월세),36.6177524,127.4791203
충청북도 청주시 청원구 주중동 율량로10번길,40,300,48,단독다가구(전월세),36.6730011,127.4885512
충청북도 청주시 청원구 율량동 율봉로222번길,30.31,300,30,단독다가구(전월세),36.6667217,127.4928874
충청북도 청주시 청원구 율량동 율봉로,59.5,1000,70,단독다가구(전월세),36.6657272,127.4859703
충청북도 청주시 청원구 내덕동 안덕벌로,23.14,300,36,단독다가구(전월세),36.6577541,127.4957738
충청북도 청주시 청원구 율량동 율봉로222번길,51.2,1000,55,단독다가구(전월세),36.6667217,127.4928874
충청북도 청주시 청원구 오창읍 양청리 양청택지1길,25,200,50,단독다가구(전월세),36.7184069,127.4210228
충청북도 청주시 청원구 오창읍 양청리 양청택지1길,25,200,50,단독다가구(전월세),36.7184069,127.4210228
충청북도 청주시 청원구 오창읍 양청리 양청택지1길,30,200,46,단독다가구(전월세),36.7184069,127.4210228
충청북도 청주시 청원구 오창읍 양청리 양청길,30,200,50,단독다가구(전월세),36.7181131,127.4251107
충청북도 청주시 청원구 오창읍 양청리 양청택지1길,25,200,50,단독다가구(전월세),36.7184069,127.4210228
충청북도 청주시 청원구 오창읍 양청리 양청택지로,25,200,35,단독다가구(전월세),36.7188273,127.42097
충청북도 청주시 청원구 오창읍 양청리 양청택지1길,30,200,45,단독다가구(전월세),36.7184069,127.4210228
충청북도 청주시 청원구 오창읍 구룡리 구룡2길,25,200,50,단독다가구(전월세),36.7111939,127.4126339
충청북도 청주시 청원구 우암동 우암로54번길,26,300,32,단독다가구(전월세),36.6528717,127.4859789
