□ 본 서비스에서 제공하는 정보는 법적인 효력이 없으므로 참고용으로만 활용하시기 바랍니다.,,,,,,,,,,,,,,,,
"□ 신고정보가 실시간 변경, 해제되어 제공시점에 따라 공개건수 및 내용이 상이할 수 있는 점 참고하시기 바랍니다.",,,,,,,,,,,,,,,,
"□ 본 자료는 계약일 기준입니다. (※ 7월 계약, 8월 신고건 → 7월 거래건으로  제공)",,,,,,,,,,,,,,,,
"□ 통계자료 활용시에는 수치가 왜곡될 수 있으니 참고자료로만 활용하시기  바라며,  외부 공개시에는 반드시 신고일 기준으로 집계되는 공식통계를 이용하여 주시기 바랍니다.",,,,,,,,,,,,,,,,
,,,,,,,,,,,,,,,,
* 국토교통부 실거래가 공개시스템의 궁금하신 점이나 문의사항은 콜센터 1533-2949로 연락 주시기 바랍니다.,,,,,,,,,,,,,,,,
□ 검색조건,,,,,,,,,,,,,,,,
계약일자 : 2025-01-01 ~ 2025-11-06,,,,,,,,,,,,,,,,
실거래구분 : 단독다가구(매매),,,,,,,,,,,,,,,,
주소구분 : 지번주소,,,,,,,,,,,,,,,,
시도 : 충청북도,,,,,,,,,,,,,,,,
시군구 : 청주시 청원구,,,,,,,,,,,,,,,,
읍면동 : 전체,,,,,,,,,,,,,,,,
면적 : 전체,,,,,,,,,,,,,,,,
금액선택 : 전체,,,,,,,,,,,,,,,,
NO,시군구,번지,주택유형,도로조건,연면적(㎡),대지면적(㎡),계약년월,계약일,거래금액(만원),매수,매도,건축년도,도로명,해제사유발생일,거래유형,중개사소재지
2,충청북도 청주시 청원구 주성동,2**,단독,8m미만,51.15,344,202510,31,"16,800",개인,개인,1920,충청대로238번길,-,중개거래,충북 청주시 청원구
3,충청북도 청주시 청원구 북이면 내추리,3**,단독,12m미만,96.39,439.1,202510,24,"15,000",개인,개인,2002,내추길,-,직거래,-
4,충청북도 청주시 청원구 내덕동,8*,단독,8m미만,618.54,337,202510,18,"67,000",개인,개인,1997,우암산로251번길,-,중개거래,충북 청주시 서원구
5,충청북도 청주시 청원구 사천동,6*,단독,8m미만,64.68,329,202510,4,"29,500",개인,개인,2021,발산로,-,직거래,-
6,충청북도 청주시 청원구 사천동,6*,단독,8m미만,64.68,329,202510,4,"29,230",개인,개인,2021,발산로,-,직거래,-
7,충청북도 청주시 청원구 오창읍 양청리,7**,다가구,12m미만,532.95,301.9,202510,3,"66,000",개인,개인,2011,양청택지2길,-,중개거래,충북 청주시 청원구
8,충청북도 청주시 청원구 내수읍 비중리,3**,단독,8m미만,222.3,428,202510,3,"31,500",개인,개인,2013,비중길,-,중개거래,충북 청주시 청원구
9,충청북도 청주시 청원구 내덕동,8*,단독,8m미만,576.99,217,202510,2,"43,000",개인,개인,2002,안덕벌로102번길,-,직거래,-
10,충청북도 청주시 청원구 오창읍 양청리,7**,다가구,12m미만,403.05,340,202510,1,"72,500",개인,개인,2011,양청택지로,-,중개거래,충북 청주시 청원구
11,충청북도 청주시 청원구 북이면 추학리,4**,단독,8m미만,213.28,1441,202509,29,"12,200",개인,개인,1970,추학길,-,직거래,-
12,충청북도 청주시 청원구 오창읍 양청리,7**,다가구,25m미만,300.78,230.8,202509,28,"51,800",개인,개인,2012,양청택지로,-,중개거래,충북 청주시 청원구
13,충청북도 청주시 청원구 우암동,3**,단독,8m미만,126.34,170.6,202509,25,"18,800",개인,개인,1978,사북로139번길,-,중개거래,충북 청주시 흥덕구
14,충청북도 청주시 청원구 율량동,1***,다가구,8m미만,428.91,229.8,202509,20,"65,500",개인,개인,2012,충청대로115번길,-,중개거래,충북 청주시 흥덕구
15,충청북도 청주시 청원구 율량동,2***,다가구,8m미만,452.9,263.6,202509,15,"96,000",개인,개인,2022,율중로75번길,-,중개거래,충북 청주시 상당구
16,충청북도 청주시 청원구 내덕동,2**,단독,8m미만,182.34,221,202509,11,"11,500",개인,개인,1986,새터로,-,직거래,-
17,충청북도 청주시 청원구 우암동,2**,단독,8m미만,174.57,157.5,202509,10,"19,500",법인,개인,1989,우암로23번길,-,중개거래,"충북 청주시 서원구, 충북 청주시 청원구"
18,충청북도 청주시 청원구 우암동,3**,단독,12m미만,129.26,113.4,202509,6,"15,500",개인,개인,1991,우암로10번길,-,중개거래,충북 청주시 청원구
19,충청북도 청주시 청원구 내수읍 마산리,1**,단독,8m미만,77.38,218,202509,5,"15,000",개인,개인,1900,마산5길,-,직거래,-
20,충청북도 청주시 청원구 내덕동,6**,단독,12m미만,101.09,188.1,202509,3,"16,500",개인,개인,1981,내덕로17번길,-,중개거래,충북 청주시 청원구
21,충청북도 청주시 청원구 내덕동,6**,단독,12m미만,112.47,164.1,202509,2,"13,000",개인,개인,1985,내덕로17번길,-,중개거래,충북 청주시 청원구
22,충청북도 청주시 청원구 내덕동,6**,단독,12m미만,112.47,141,202509,2,"12,550",개인,개인,1985,내덕로17번길,20250915,중개거래,충북 청주시 청원구
23,충청북도 청주시 청원구 우암동,4**,단독,8m미만,244.66,199.9,202509,1,"21,400",개인,개인,1993,교서로210번길,-,중개거래,충북 청주시 청원구
24,충청북도 청주시 청원구 오창읍 양청리,7**,다가구,25m미만,419.61,350.5,202508,27,"86,500",개인,개인,2010,양청1길,-,중개거래,충북 청주시 청원구
25,충청북도 청주시 청원구 내덕동,6**,단독,8m미만,128.19,151.2,202508,26,"23,800",개인,개인,1984,1순환로339번길,-,중개거래,충북 청주시 청원구
26,충청북도 청주시 청원구 우암동,3**,단독,12m미만,462.08,155.4,202508,25,"39,000",개인,개인,2001,사북로143번길,-,중개거래,충북 청주시 서원구
27,충청북도 청주시 청원구 주중동,1***,다가구,12m미만,402.99,237.8,202508,24,"78,500",개인,개인,2018,율량로48번길,-,중개거래,충북 청주시 청원구
28,충청북도 청주시 청원구 우암동,4**,단독,8m미만,165.63,132.2,202508,23,"12,000",법인,개인,1993,교서로180번길,-,중개거래,"충북 청주시 서원구, 충북 청주시 흥덕구"
29,충청북도 청주시 청원구 우암동,3**,단독,12m미만,118.79,129.6,202508,22,"19,400",개인,개인,1972,향군로74번길,-,직거래,-
30,충청북도 청주시 청원구 내덕동,3**,단독,8m미만,74.72,155.4,202508,20,"16,000",개인,개인,1975,새터로37번길,-,중개거래,충북 청주시 흥덕구
31,충청북도 청주시 청원구 내덕동,6**,단독,8m미만,57.92,100.8,202508,18,"7,500",개인,개인,1975,1순환로339번길,-,중개거래,충북 청주시 청원구
32,충청북도 청주시 청원구 우암동,3**,단독,8m미만,141.93,154.6,202508,13,"20,300",개인,개인,1980,우암로43번길,-,중개거래,충북 청주시 청원구
33,충청북도 청주시 청원구 우암동,3**,단독,8m미만,141.93,154.6,202508,13,"20,300",개인,개인,1980,우암로43번길,20250829,중개거래,충북 청주시 청원구
34,충청북도 청주시 청원구 오창읍 화산리(花山),1**,단독,8m미만,70.73,730,202508,11,"7,000",개인,개인,,꽃화산2길,-,직거래,-
35,충청북도 청주시 청원구 내덕동,1**,단독,8m미만,46.05,126,202508,8,"6,500",개인,개인,1968,안덕벌로39번길,-,직거래,-
36,충청북도 청주시 청원구 우암동,3**,단독,25m미만,52.49,148.1,202508,7,"10,500",개인,개인,1971,우암로24번길,-,중개거래,충북 청주시 청원구
37,충청북도 청주시 청원구 우암동,4**,단독,8m미만,114.93,153.4,202508,4,"17,280",개인,개인,1985,교서로186번길,-,중개거래,충북 청주시 흥덕구
38,충청북도 청주시 청원구 오창읍 양청리,7**,다가구,12m미만,405.69,339.9,202508,1,"67,500",개인,개인,2009,양청택지1길,-,중개거래,충북 청주시 청원구
39,충청북도 청주시 청원구 우암동,3**,단독,25m미만,97.25,189.4,202508,1,"22,500",개인,개인,2001,우암로,-,중개거래,충북 청주시 청원구
40,충청북도 청주시 청원구 우암동,1**,단독,8m미만,270.71,202,202508,1,"19,000",개인,개인,1995,수동로58번길,-,중개거래,충북 청주시 흥덕구
41,충청북도 청주시 청원구 내덕동,5**,단독,8m미만,163.33,177,202507,31,"37,000",개인,개인,1986,율천남로,-,직거래,-
42,충청북도 청주시 청원구 내덕동,5**,단독,8m미만,386.74,725,202507,31,"77,000",개인,개인,2017,율천남로,-,직거래,-
43,충청북도 청주시 청원구 오창읍 양청리,7**,다가구,25m미만,413.94,345,202507,30,"44,500",개인,개인,2008,양청길,-,중개거래,충북 청주시 청원구
44,충청북도 청주시 청원구 오창읍 성재리,3**,단독,8m미만,52.2,208,202507,29,"3,500",개인,개인,1978,성재2길,-,직거래,-
45,충청북도 청주시 청원구 내덕동,7**,단독,8m미만,125.63,134,202507,29,"9,000",개인,개인,1985,새터로142번길,-,직거래,-
46,충청북도 청주시 청원구 우암동,3**,다가구,12m미만,304.33,131.7,202507,26,"49,000",개인,개인,2014,내덕로18번길,-,중개거래,충북 청주시 서원구
47,충청북도 청주시 청원구 오창읍 양청리,6**,다가구,25m이상,272.15,228.2,202507,25,"67,500",개인,개인,2012,양청4길,-,중개거래,충북 청주시 상당구
48,충청북도 청주시 청원구 우암동,3**,단독,25m이상,117.96,294.5,202507,25,"47,170",법인,개인,,교서로134번길,-,직거래,-
49,충청북도 청주시 청원구 외남동,2**,단독,8m미만,62.45,409,202507,24,"14,500",법인,개인,1970,토성로438번길,-,중개거래,충북 청주시 청원구
50,충청북도 청주시 청원구 오창읍 양청리,7**,다가구,12m미만,370.57,309.6,202507,19,"60,500",개인,개인,2008,양청택지1길,-,중개거래,충북 청주시 청원구
51,충청북도 청주시 청원구 주중동,1***,다가구,12m미만,497.82,289,202507,18,"87,000",개인,개인,2015,주성로233번길,-,중개거래,"충북 청주시 청원구, 충북 청주시 흥덕구"
52,충청북도 청주시 청원구 오창읍 양청리,7**,다가구,12m미만,487.49,365.8,202507,17,"99,000",법인,개인,2014,양청길,-,중개거래,충북 청주시 청원구
53,충청북도 청주시 청원구 내수읍 우산리,3**,단독,8m미만,99.69,515,202507,15,"16,000",개인,개인,2004,우산2길,-,중개거래,충북 청주시 흥덕구
54,충청북도 청주시 청원구 내덕동,6**,단독,12m미만,196.92,265.2,202507,12,"32,200",개인,개인,1981,교서로222번길,-,중개거래,충북 청주시 청원구
55,충청북도 청주시 청원구 내덕동,5**,단독,8m미만,386.74,725,202507,10,"67,000",개인,개인,2017,율천남로,20250731,직거래,-
56,충청북도 청주시 청원구 내수읍 초정리,4*,단독,8m미만,142.48,576,202507,10,"40,000",개인,법인,2022,초정2길,-,직거래,-
57,충청북도 청주시 청원구 내덕동,5**,단독,8m미만,163.33,177,202507,10,"37,000",개인,개인,1986,율천남로,20250731,직거래,-
58,충청북도 청주시 청원구 우암동,3**,다가구,8m미만,277.92,178.5,202507,8,"30,000",개인,개인,1999,교서로168번길,20250728,직거래,-
59,충청북도 청주시 청원구 우암동,1**,단독,12m미만,63.9,128,202507,8,"10,300",개인,개인,1977,대성로,-,직거래,-
60,충청북도 청주시 청원구 내덕동,1**,다가구,8m미만,189.69,165,202507,7,"16,700",개인,개인,1994,안덕벌로19번길,-,중개거래,충북 청주시 청원구
61,충청북도 청주시 청원구 오창읍 양청리,7**,다가구,12m미만,519.06,323,202507,4,"70,000",개인,개인,2006,양청2안길,-,중개거래,충북 청주시 청원구
62,충청북도 청주시 청원구 오창읍 양청리,7**,다가구,25m미만,613.8,345.8,202506,30,"97,000",개인,개인,2013,양청택지3길,-,중개거래,충북 청주시 청원구
63,충청북도 청주시 청원구 북이면 장재리,3*,단독,8m미만,84.24,439,202506,30,"10,400",개인,개인,2006,장재1길,-,중개거래,충북 증평군
64,충청북도 청주시 청원구 내덕동,6*,단독,8m미만,214.72,159,202506,28,"16,500",개인,개인,2002,안덕벌로52번길,-,중개거래,충북 청주시 청원구
65,충청북도 청주시 청원구 북이면 석화리,8*,단독,8m미만,172.42,992,202506,26,"39,000",개인,개인,2000,청암로,-,중개거래,충북 증평군
66,충청북도 청주시 청원구 내수읍 입상리,2**,단독,8m미만,65.78,344,202506,25,"6,500",개인,개인,1979,입상1길,-,직거래,-
67,충청북도 청주시 청원구 내수읍 마산리,1**,단독,8m미만,134.28,269,202506,25,"33,600",개인,개인,1994,마산3길,-,중개거래,충북 청주시 청원구
68,충청북도 청주시 청원구 오창읍 양청리,7**,다가구,12m미만,403.76,338.9,202506,23,"63,000",개인,개인,2012,양청길,-,중개거래,충북 청주시 청원구
69,충청북도 청주시 청원구 우암동,2**,단독,8m미만,129.36,144,202506,21,"16,500",개인,개인,1983,향군로93번길,20250806,중개거래,충북 청주시 서원구
70,충청북도 청주시 청원구 우암동,2**,단독,8m미만,129.36,144,202506,21,"16,500",개인,개인,1983,향군로93번길,-,중개거래,충북 청주시 서원구
71,충청북도 청주시 청원구 율량동,1***,단독,25m미만,743.64,378,202506,18,"75,000",개인,개인,2000,율봉로,-,중개거래,충북 청주시 흥덕구
72,충청북도 청주시 청원구 율량동,2***,다가구,12m미만,480.88,266.2,202506,17,"96,700",개인,개인,2019,율중로,-,중개거래,충북 청주시 청원구
73,충청북도 청주시 청원구 우암동,4**,단독,8m미만,137.81,231.4,202506,15,"25,000",개인,개인,1983,교서로186번길,-,중개거래,충북 청주시 서원구
74,충청북도 청주시 청원구 내덕동,3**,다가구,8m미만,605.96,308,202506,14,"48,000",개인,개인,2002,내덕로61번길,-,중개거래,충북 청주시 서원구
75,충청북도 청주시 청원구 북이면 신기리,2**,단독,8m미만,60.52,913,202506,14,"13,800",개인,개인,1970,신기길,20250804,중개거래,충북 청주시 청원구
76,충청북도 청주시 청원구 우암동,3**,다가구,12m미만,304.33,131.7,202506,14,"49,000",개인,개인,2014,내덕로18번길,20250718,중개거래,충북 청주시 서원구
77,충청북도 청주시 청원구 우암동,3**,단독,8m미만,62,132.2,202506,13,"12,000",개인,개인,1973,우암로63번길,-,직거래,-
78,충청북도 청주시 청원구 우암동,3**,단독,8m미만,62,132.2,202506,13,"5,000",개인,개인,1970,우암로63번길,20250613,직거래,-
79,충청북도 청주시 청원구 우암동,4**,단독,8m미만,144.09,158.3,202506,12,"16,800",개인,개인,1985,우암로,-,중개거래,충북 청주시 서원구
80,충청북도 청주시 청원구 율량동,8*,단독,8m미만,146.34,272,202506,11,"47,000",개인,개인,2015,상리로17번길,-,중개거래,충북 청주시 청원구
81,충청북도 청주시 청원구 우암동,2**,다가구,12m미만,221.85,143,202506,11,"22,500",개인,개인,2001,대성로268번길,-,중개거래,충북 청주시 서원구
82,충청북도 청주시 청원구 내덕동,2**,다가구,8m미만,414.78,274.2,202506,10,"67,000",개인,개인,2012,우암로64번길,-,중개거래,충북 청주시 상당구
83,충청북도 청주시 청원구 내수읍 묵방리,2*,단독,8m미만,99.63,660,202506,9,"30,000",개인,개인,2014,묵방2길,-,중개거래,충북 청주시 흥덕구
84,충청북도 청주시 청원구 우암동,4**,단독,12m미만,124.86,188.3,202506,7,"20,000",개인,개인,1981,우암로9번길,-,중개거래,충북 청주시 청원구
85,충청북도 청주시 청원구 내수읍 저곡리,1**,단독,8m미만,127.62,630,202506,5,"13,700",개인,개인,1997,세교초정로,20250611,중개거래,충북 음성군
86,충청북도 청주시 청원구 내수읍 저곡리,1**,단독,8m미만,127.62,630,202506,5,"13,700",개인,개인,1997,세교초정로,-,중개거래,"충북 음성군, 충북 청주시 청원구"
87,충청북도 청주시 청원구 우암동,3**,다가구,12m미만,116.42,119.3,202506,4,"18,000",개인,개인,2004,새터로23번길,-,중개거래,충북 청주시 청원구
88,충청북도 청주시 청원구 오창읍 구룡리,3**,단독,12m미만,99.67,560.4,202506,3,"36,500",개인,개인,2015,구룡길,-,중개거래,충북 청주시 청원구
89,충청북도 청주시 청원구 내수읍 세교리,3**,단독,8m미만,318.36,970,202506,2,"30,000",개인,개인,2004,세교2길,-,직거래,-
90,충청북도 청주시 청원구 우암동,7**,단독,25m이상,224.62,120,202506,2,"32,300",개인,개인,1993,무심동로,-,중개거래,충북 청주시 청원구
91,충청북도 청주시 청원구 오창읍 양청리,7**,다가구,25m미만,656.89,571.5,202505,30,"100,000",개인,개인,2013,양청택지로,-,중개거래,충북 청주시 청원구
92,충청북도 청주시 청원구 율량동,9**,다가구,8m미만,482.82,273.9,202505,28,"80,000",개인,개인,2012,율봉로152번길,-,중개거래,충북 청주시 흥덕구
93,충청북도 청주시 청원구 내덕동,6**,단독,8m미만,57.92,100.8,202505,28,"7,500",개인,개인,1975,1순환로339번길,20250607,중개거래,충북 청주시 서원구
94,충청북도 청주시 청원구 오창읍 구룡리,4**,다가구,12m미만,464.32,367.4,202505,20,"81,000",개인,개인,2011,구룡3길,-,중개거래,충북 청주시 청원구
95,충청북도 청주시 청원구 우암동,1**,단독,8m미만,70.8,172,202505,19,"18,500",개인,개인,1974,상당로,-,중개거래,충북 청주시 상당구
96,충청북도 청주시 청원구 내수읍 입상리,2*,단독,8m미만,66.36,237,202505,19,"4,500",개인,개인,1979,입상2길,-,중개거래,충북 청주시 흥덕구
97,충청북도 청주시 청원구 내덕동,3**,단독,8m미만,148.98,155,202505,19,"24,500",개인,개인,1995,공항로,-,직거래,-
98,충청북도 청주시 청원구 우암동,1**,단독,8m미만,176.03,221.9,202505,15,"23,700",개인,개인,1983,대성로,-,중개거래,충북 청주시 청원구
99,충청북도 청주시 청원구 오창읍 양청리,7**,다가구,12m미만,405.18,339.2,202505,14,"71,500",개인,개인,2009,양청택지로,-,중개거래,충북 청주시 청원구
100,충청북도 청주시 청원구 내수읍 묵방리,6**,단독,8m미만,130.34,761,202505,13,"37,000",개인,개인,2010,묵방길,-,중개거래,충북 청주시 서원구
101,충청북도 청주시 청원구 오창읍 양청리,7**,다가구,25m미만,374.4,315.5,202505,13,"71,500",개인,개인,2007,양청택지로,-,중개거래,충북 청주시 청원구
102,충청북도 청주시 청원구 내덕동,2**,단독,8m미만,131.85,169,202505,13,"30,000",법인,개인,1971,대성로300번길,-,중개거래,충북 청주시 청원구
103,충청북도 청주시 청원구 율량동,2***,다가구,12m미만,455.58,257.4,202505,12,"83,300",개인,개인,2020,율중로16번길,-,직거래,-
104,충청북도 청주시 청원구 오창읍 성산리,4**,단독,8m미만,115.52,635,202505,12,"35,383",개인,개인,2018,성산2길,-,중개거래,충북 청주시 청원구
105,충청북도 청주시 청원구 우암동,3**,단독,8m미만,73.29,146.4,202505,12,"8,000",개인,개인,1976,직지대로,-,직거래,-
106,충청북도 청주시 청원구 오창읍 구룡리,4**,단독,12m미만,419.16,332.4,202505,12,"68,500",개인,개인,2010,구룡6길,-,중개거래,충북 청주시 청원구
107,충청북도 청주시 청원구 오창읍 학소리,2**,단독,8m미만,68.6,626.9,202505,11,"15,000",개인,개인,1986,학소길,-,직거래,-
108,충청북도 청주시 청원구 북이면 신기리,2**,단독,8m미만,53.49,139,202505,11,"10,300",개인,개인,2014,신기길,-,중개거래,충북 증평군
109,충청북도 청주시 청원구 우암동,3**,단독,8m미만,56.9,132.8,202505,10,"11,000",개인,개인,1961,직지대로832번길,-,중개거래,충북 청주시 서원구
110,충청북도 청주시 청원구 우암동,1**,다가구,12m미만,390.06,180,202505,9,"62,700",개인,개인,2016,직지대로890번길,-,중개거래,충북 청주시 서원구
111,충청북도 청주시 청원구 우암동,4**,단독,8m미만,144.09,158.3,202505,9,"16,800",개인,개인,1985,우암로,20250612,중개거래,충북 청주시 서원구
112,충청북도 청주시 청원구 오창읍 성산리,4**,단독,8m미만,118.45,384,202505,7,"39,314",개인,개인,2017,미래지로,-,직거래,-
113,충청북도 청주시 청원구 우암동,2**,다가구,12m미만,130.61,136,202505,7,"22,000",개인,개인,2012,대성로288번길,-,중개거래,충북 청주시 서원구
114,충청북도 청주시 청원구 내덕동,6**,단독,8m미만,131.9,159.4,202505,3,"14,000",개인,개인,1987,교서로236번길,-,중개거래,충북 청주시 흥덕구
115,충청북도 청주시 청원구 오창읍 가곡리,2**,단독,8m미만,132.84,397,202505,2,"46,000",개인,개인,2022,가곡2길,-,중개거래,충북 청주시 청원구
116,충청북도 청주시 청원구 율량동,1***,단독,8m미만,178.17,181,202505,1,"20,600",개인,개인,1990,사뜸로47번길,-,중개거래,충북 청주시 흥덕구
117,충청북도 청주시 청원구 내덕동,1**,다가구,8m미만,251.56,159,202504,25,"25,000",개인,개인,1992,안덕벌로76번길,-,중개거래,충북 청주시 청원구
118,충청북도 청주시 청원구 우암동,3**,다가구,8m미만,365.88,201.3,202504,25,"35,000",개인,개인,1996,우암로10번길,-,직거래,-
119,충청북도 청주시 청원구 우암동,4*,단독,8m미만,65.8,172,202504,24,"9,600",법인,개인,1978,수동로,-,직거래,-
120,충청북도 청주시 청원구 내덕동,1**,단독,25m미만,968.14,331,202504,24,"87,000",법인,개인,1986,안덕벌로,-,직거래,-
121,충청북도 청주시 청원구 오창읍 양청리,6**,단독,12m미만,465.08,484.9,202504,22,"95,000",개인,개인,2017,양청5길,-,중개거래,충북 청주시 청원구
122,충청북도 청주시 청원구 주중동,3**,단독,8m미만,91.87,283,202504,21,"9,500",개인,개인,1977,외평로,-,직거래,-
123,충청북도 청주시 청원구 내덕동,1**,단독,12m미만,84.12,161,202504,19,"14,500",개인,개인,1981,안덕벌로57번길,-,중개거래,충북 청주시 청원구
124,충청북도 청주시 청원구 내덕동,1**,다가구,8m미만,394.59,248,202504,19,"56,000",개인,개인,2001,덕벌로19번길,-,중개거래,충북 청주시 서원구
125,충청북도 청주시 청원구 우암동,1**,다가구,12m미만,658.01,337,202504,16,"167,500",개인,개인,2023,직지대로890번길,20250507,중개거래,충북 청주시 청원구
126,충청북도 청주시 청원구 우암동,1**,다가구,12m미만,658.01,337,202504,16,"164,082",개인,개인,2023,직지대로890번길,-,중개거래,충북 청주시 청원구
127,충청북도 청주시 청원구 오창읍 구룡리,4**,다가구,12m미만,420.92,351.3,202504,13,"75,000",개인,개인,2010,구룡6길,-,중개거래,충북 청주시 청원구
128,충청북도 청주시 청원구 우암동,4**,단독,8m미만,156.63,157.4,202504,11,"16,300",개인,개인,1985,교서로,-,중개거래,충북 청주시 청원구
129,충청북도 청주시 청원구 율량동,1**,단독,12m미만,235.29,340,202504,11,"30,500",개인,개인,2007,상리로17번길,-,직거래,-
130,충청북도 청주시 청원구 오창읍 가곡리,2**,단독,8m미만,96.35,399,202504,8,"37,000",개인,개인,2021,가곡2길,-,직거래,-
131,충청북도 청주시 청원구 내수읍 초정리,5*,단독,12m미만,235.65,811,202504,7,"29,000",개인,개인,1996,초정약수로,-,직거래,-
132,충청북도 청주시 청원구 우암동,3**,단독,8m미만,99.52,148.3,202504,6,"18,500",개인,개인,1978,우암로64번길,-,중개거래,"충북 청주시 청원구, 충북 청주시 흥덕구"
133,충청북도 청주시 청원구 사천동,6**,단독,8m미만,137.4,1327,202504,4,"62,700",개인,개인,2020,사천로152번가길,-,중개거래,충북 청주시 청원구
134,충청북도 청주시 청원구 우암동,3**,단독,12m미만,60.17,136.2,202504,4,"14,900",개인,개인,1974,우암로10번길,-,직거래,-
135,충청북도 청주시 청원구 오창읍 양청리,6**,다가구,12m미만,391.58,328.6,202504,4,"87,000",개인,개인,2016,양청6길,-,중개거래,충북 청주시 청원구
136,충청북도 청주시 청원구 오창읍 창리,*,단독,12m미만,69.75,83,202504,4,"12,500",개인,개인,1965,두릉유리로,-,중개거래,충북 청주시 청원구
137,충청북도 청주시 청원구 율량동,7**,다가구,8m미만,194.35,176.1,202503,31,"30,000",개인,개인,1992,율봉로167번길,20250408,직거래,-
138,충청북도 청주시 청원구 내덕동,5**,단독,25m이상,143.02,165,202503,31,"26,500",개인,개인,1984,공항로,-,직거래,-
139,충청북도 청주시 청원구 우암동,2*,다가구,8m미만,144.51,106,202503,29,"8,000",개인,개인,1995,수암로95번길,-,중개거래,충북 청주시 청원구
140,충청북도 청주시 청원구 내수읍 은곡리,2**,단독,8m미만,197.03,313,202503,29,"26,500",개인,개인,2025,은곡3길,20250418,중개거래,충북 청주시 흥덕구
141,충청북도 청주시 청원구 내덕동,1**,다가구,8m미만,413.12,241,202503,25,"53,000",개인,개인,2009,안덕벌로76번길,-,중개거래,충북 청주시 청원구
142,충청북도 청주시 청원구 내덕동,3**,단독,12m미만,125.01,172,202503,21,"19,300",개인,개인,1978,공항로43번길,-,중개거래,충북 청주시 청원구
143,충청북도 청주시 청원구 우암동,3**,단독,8m미만,39.01,169.9,202503,18,"10,800",개인,개인,1967,교서로150번길,-,중개거래,충북 청주시 청원구
144,충청북도 청주시 청원구 우암동,5*,단독,8m미만,26.45,129,202503,18,"3,500",개인,개인,1968,수암로,-,직거래,-
145,충청북도 청주시 청원구 내덕동,2**,다가구,8m미만,444.32,290.9,202503,18,"43,800",개인,기타,2007,우암로63번길,-,중개거래,충북 청주시 청원구
146,충청북도 청주시 청원구 우암동,3**,단독,8m미만,112.84,138.8,202503,17,"9,000",개인,개인,1974,직지대로,-,중개거래,충북 청주시 청원구
147,충청북도 청주시 청원구 우암동,1**,단독,8m미만,176.03,221.9,202503,17,"23,700",개인,개인,1983,대성로,20250515,중개거래,충북 청주시 청원구
148,충청북도 청주시 청원구 내덕동,6**,단독,8m미만,97.38,266.1,202503,13,"33,000",개인,개인,1983,1순환로335번길,-,중개거래,충북 청주시 청원구
149,충청북도 청주시 청원구 율량동,1**,단독,12m미만,235.29,338,202503,11,"30,500",개인,개인,2007,상리로17번길,20250411,직거래,-
150,충청북도 청주시 청원구 내덕동,3**,단독,8m미만,202.95,247.6,202503,11,"25,000",개인,개인,1993,새터로23번길,-,직거래,-
151,충청북도 청주시 청원구 정상동,1**,단독,8m미만,86.89,194,202503,10,"10,000",개인,개인,2000,토성로176번길,-,직거래,-
152,충청북도 청주시 청원구 오창읍 구룡리,4**,단독,25m이상,130.66,218.7,202503,8,"33,000",개인,개인,2013,구룡택지1로,-,중개거래,충북 청주시 청원구
153,충청북도 청주시 청원구 오창읍 양청리,7**,다가구,25m미만,389.77,331.2,202503,6,"72,200",개인,개인,2010,양청택지3길,-,중개거래,"충남 천안시 동남구, 충북 청주시 청원구"
154,충청북도 청주시 청원구 오창읍 양청리,7**,다가구,25m미만,389.77,331.2,202503,6,"72,200",개인,개인,2010,양청택지3길,-,중개거래,충북 청주시 청원구
155,충청북도 청주시 청원구 율량동,2***,다가구,8m미만,444.47,237,202503,5,"104,000",개인,개인,2019,율봉로286번길,-,중개거래,충북 청주시 청원구
156,충청북도 청주시 청원구 오창읍 양청리,7**,단독,25m미만,272.1,229.9,202503,1,"67,000",개인,개인,2008,양청택지2길,-,중개거래,충북 청주시 청원구
157,충청북도 청주시 청원구 주중동,4**,단독,8m미만,123.96,466,202502,26,"28,000",개인,개인,1997,주중로2번길,-,중개거래,"대전 서구, 충북 청주시 상당구"
158,충청북도 청주시 청원구 오창읍 양청리,7**,다가구,12m미만,550.13,339.9,202502,25,"60,000",개인,개인,2006,양청택지1길,-,중개거래,충북 청주시 청원구
159,충청북도 청주시 청원구 오창읍 구룡리,4**,다가구,25m이상,252.04,215.8,202502,24,"53,500",개인,개인,2009,구룡택지1로,-,중개거래,충북 청주시 청원구
160,충청북도 청주시 청원구 율량동,8**,단독,12m미만,493.51,214.9,202502,24,"169,500",개인,개인,2025,율봉로201번길,-,중개거래,충북 청주시 흥덕구
161,충청북도 청주시 청원구 우암동,3**,단독,8m미만,77.49,132.9,202502,23,"6,500",개인,개인,1973,사북로149번길,-,중개거래,"충북 청주시 상당구, 충북 청주시 청원구"
162,충청북도 청주시 청원구 북이면 신대리,2**,단독,8m미만,128.24,629,202502,23,"14,500",개인,개인,1995,신대2길,-,중개거래,충북 청주시 청원구
163,충청북도 청주시 청원구 오창읍 주성리,4**,다가구,12m미만,516.68,258.5,202502,23,"95,000",개인,개인,2018,주성2길,-,중개거래,충북 청주시 청원구
164,충청북도 청주시 청원구 내덕동,5**,단독,8m미만,73.49,165,202502,22,"8,800",개인,개인,1969,새터로134번길,-,중개거래,충북 청주시 청원구
165,충청북도 청주시 청원구 율량동,7**,다가구,12m미만,493.74,242.2,202502,20,"114,000",개인,개인,2017,율봉로187번길,-,직거래,-
166,충청북도 청주시 청원구 오창읍 양청리,6**,단독,12m미만,456.77,355.7,202502,20,"70,000",개인,개인,2011,양청5길,-,중개거래,충북 청주시 청원구
167,충청북도 청주시 청원구 오창읍 여천리,4**,단독,8m미만,99,354,202502,16,"21,000",개인,개인,2003,여천1길,-,중개거래,충북 청주시 청원구
168,충청북도 청주시 청원구 오창읍 구룡리,4**,다가구,12m미만,433.22,361.9,202502,15,"64,000",개인,개인,2010,구룡5길,-,중개거래,충북 청주시 청원구
169,충청북도 청주시 청원구 오창읍 창리,9*,다가구,8m미만,581.97,363,202502,10,"150,700",법인,법인,2023,창리1길,20250211,직거래,-
170,충청북도 청주시 청원구 우암동,3**,단독,8m미만,173.97,166,202502,7,"13,000",개인,개인,1991,교서로128번길,-,중개거래,충북 청주시 청원구
171,충청북도 청주시 청원구 우암동,1**,단독,8m미만,176.03,221.9,202502,6,"23,700",개인,개인,1983,대성로,20250224,중개거래,충북 청주시 청원구
172,충청북도 청주시 청원구 내수읍 원통리,3**,단독,8m미만,99.65,196,202502,5,"12,000",개인,개인,2001,원통숲안1길,-,직거래,-
173,충청북도 청주시 청원구 내덕동,6**,단독,12m미만,267.78,172.2,202501,31,"25,400",개인,개인,1988,내덕로7번길,-,직거래,-
174,충청북도 청주시 청원구 율량동,8**,단독,12m미만,542.47,235.2,202501,26,"207,000",개인,개인,2025,공항로150번길,-,중개거래,충북 청주시 흥덕구
175,충청북도 청주시 청원구 우암동,3**,단독,25m미만,13.6,194.7,202501,23,"8,500",개인,개인,2021,중앙로,-,직거래,-
176,충청북도 청주시 청원구 오창읍 구룡리,4**,다가구,12m미만,462.35,365.2,202501,23,"61,300",개인,법인,2010,구룡2길,-,중개거래,"충북 청주시 서원구, 충북 청주시 청원구"
177,충청북도 청주시 청원구 우암동,3**,단독,12m미만,147.22,193.8,202501,23,"18,000",개인,개인,1979,사북로131번길,-,중개거래,"충북 청주시 상당구, 충북 청주시 청원구"
178,충청북도 청주시 청원구 오창읍 양청리,6**,단독,12m미만,570.79,323.2,202501,23,"65,000",개인,개인,2011,양청5길,-,중개거래,충북 청주시 청원구
179,충청북도 청주시 청원구 우암동,3**,단독,12m미만,116.99,148.4,202501,23,"23,100",개인,개인,1973,내덕로18번길,-,중개거래,충북 청주시 흥덕구
180,충청북도 청주시 청원구 오창읍 양청리,7**,단독,12m미만,273.24,762.2,202501,22,"80,000",개인,개인,2019,양청택지로,-,중개거래,충북 청주시 청원구
181,충청북도 청주시 청원구 내덕동,6**,단독,8m미만,66.48,136.2,202501,21,"12,500",개인,개인,1974,향군로136번길,-,중개거래,충북 청주시 청원구
182,충청북도 청주시 청원구 주중동,9**,다가구,12m미만,451.29,251.5,202501,14,"80,000",개인,개인,2014,율량로4번길,-,중개거래,충북 청주시 청원구
183,충청북도 청주시 청원구 내덕동,6**,단독,25m이상,131.61,220.8,202501,12,"39,000",개인,개인,1977,향군로,-,중개거래,충북 청주시 청원구
184,충청북도 청주시 청원구 내덕동,6**,단독,12m미만,73.8,151.1,202501,9,"16,800",개인,개인,1976,향군로160번길,-,중개거래,충북 청주시 흥덕구
185,충청북도 청주시 청원구 내덕동,6**,단독,12m미만,79.2,142.1,202501,9,"10,000",개인,개인,1978,1순환로335번길,-,직거래,-
186,충청북도 청주시 청원구 율량동,9**,다가구,8m미만,476.46,263.7,202501,6,"68,500",개인,개인,2012,율봉로192번길,-,중개거래,충북 청주시 서원구
187,충청북도 청주시 청원구 내덕동,6**,단독,25m이상,85.28,231.7,202501,4,"14,500",개인,개인,1975,향군로,-,중개거래,충북 청주시 상당구
,충청북도 청주시 청원구 북이면 화하리,2*,단독,12m미만,59.4,188,202412,31,"3,500",개인,개인,1992,화상석성로,-,직거래,-
,충청북도 청주시 청원구 우암동,2**,단독,8m미만,84.24,184.3,202412,26,"8,000",개인,개인,1984,우암로23번길,-,직거래,-
,충청북도 청주시 청원구 오창읍 양청리,7**,단독,12m미만,493.15,374.6,202412,26,"79,500",개인,개인,2011,양청택지로,-,중개거래,충북 청주시 청원구
,충청북도 청주시 청원구 사천동,3**,단독,8m미만,176.17,158,202412,24,"22,000",개인,개인,1991,율천북로25번길,20250109,중개거래,충북 청주시 청원구
,충청북도 청주시 청원구 우암동,1**,단독,8m미만,70.8,172,202412,22,"10,000",개인,개인,1974,상당로,20250307,중개거래,충북 청주시 청원구
,충청북도 청주시 청원구 우암동,1**,단독,8m미만,70.8,172,202412,22,"11,750",개인,개인,1974,상당로,-,중개거래,충북 청주시 청원구
,충청북도 청주시 청원구 오창읍 양청리,7**,다가구,12m미만,445.66,355.8,202412,20,"84,000",개인,개인,2011,양청택지1길,-,중개거래,충북 청주시 청원구
,충청북도 청주시 청원구 내덕동,6**,단독,25m이상,183.68,157,202412,16,"41,500",개인,개인,2000,1순환로,-,중개거래,충북 청주시 서원구
,충청북도 청주시 청원구 우암동,3**,단독,8m미만,99.52,148.3,202412,13,"18,800",개인,개인,1978,우암로64번길,20250206,중개거래,충북 청주시 서원구
,충청북도 청주시 청원구 율량동,1***,단독,8m미만,163.98,166,202412,12,"12,000",개인,개인,1989,사뜸로28번길,-,중개거래,충북 청주시 청원구
,충청북도 청주시 청원구 율량동,1***,단독,8m미만,178.62,159,202412,11,"16,500",개인,개인,1991,사뜸로28번길,-,직거래,-
,충청북도 청주시 청원구 내덕동,5**,단독,25m이상,143.02,165,202412,10,"26,500",개인,개인,1984,공항로,20250402,직거래,-
,충청북도 청주시 청원구 우암동,1**,단독,8m미만,65.98,155,202412,9,"13,350",개인,개인,1974,대성로257번길,-,중개거래,충북 청주시 청원구
,충청북도 청주시 청원구 오창읍 구룡리,4**,단독,25m이상,261.69,218.4,202412,9,"81,000",개인,개인,2016,구룡택지1로,-,중개거래,충북 청주시 청원구
,충청북도 청주시 청원구 주중동,9**,다가구,25m미만,359.57,234.6,202412,4,"64,000",개인,개인,2018,율량로32번길,-,직거래,-
,충청북도 청주시 청원구 내덕동,1**,단독,8m미만,71.58,208,202412,1,"98,400",기타,개인,1980,안덕벌로15번길,-,직거래,-
,충청북도 청주시 청원구 내덕동,1**,단독,8m미만,58.53,113,202412,1,"29,000",기타,개인,1995,충청대로22번길,-,직거래,-
,충청북도 청주시 청원구 내덕동,1**,단독,8m미만,113.44,142,202412,1,"34,065",기타,개인,1991,안덕벌로15번길,-,직거래,-
,충청북도 청주시 청원구 내덕동,1**,다가구,8m미만,199.86,190,202412,1,"51,750",법인,개인,1994,안덕벌로15번길,-,직거래,-
,충청북도 청주시 청원구 내덕동,1**,단독,8m미만,69.01,109,202412,1,"30,000",법인,개인,1981,안덕벌로15번길,-,직거래,-
,충청북도 청주시 청원구 내덕동,1**,다가구,8m미만,196.99,145,202412,1,"35,090",법인,개인,1994,안덕벌로15번길,-,직거래,-
,충청북도 청주시 청원구 내덕동,1**,단독,8m미만,57.06,55,202412,1,"10,810",기타,개인,1998,안덕벌로15번길,-,직거래,-
,충청북도 청주시 청원구 내덕동,1**,단독,8m미만,20.75,188,202412,1,"42,585",기타,개인,1962,안덕벌로15번길,-,직거래,-
,충청북도 청주시 청원구 내덕동,1**,다가구,8m미만,659.6,443,202411,27,"95,000",개인,개인,2013,덕벌로5번길,20241212,중개거래,충북 청주시 청원구
,충청북도 청주시 청원구 내덕동,1**,다가구,8m미만,659.6,443,202411,27,"94,700",개인,개인,2013,덕벌로5번길,-,중개거래,충북 청주시 청원구
,충청북도 청주시 청원구 오창읍 양청리,7**,다가구,12m미만,405.05,338.6,202411,25,"75,000",개인,개인,2010,양청택지로,-,중개거래,충북 청주시 청원구
,충청북도 청주시 청원구 정북동,8*,단독,8m미만,113.3,301,202411,23,"13,000",개인,개인,1960,토성로238번길,-,직거래,-
,충청북도 청주시 청원구 오창읍 양청리,7**,다가구,12m미만,576.33,349.9,202411,23,"83,000",개인,개인,2007,양청길,-,중개거래,충북 청주시 청원구
,충청북도 청주시 청원구 외남동,1**,단독,8m미만,161.74,288,202411,22,"11,300",개인,개인,1977,외평로19번길,-,중개거래,충북 청주시 흥덕구
,충청북도 청주시 청원구 오창읍 양청리,7**,다가구,25m미만,309.87,230.1,202411,22,"76,500",개인,개인,2014,양청택지1길,-,중개거래,충북 청주시 청원구
,충청북도 청주시 청원구 우암동,3**,다가구,12m미만,393.86,234.4,202411,19,"37,000",개인,개인,2001,우암로53번길,-,직거래,-
,충청북도 청주시 청원구 우암동,3**,단독,8m미만,52.07,156.7,202411,19,"15,000",법인,개인,2024,교서로128번길,-,직거래,-
,충청북도 청주시 청원구 내덕동,3**,다가구,8m미만,137.76,134,202411,18,"15,400",개인,개인,1991,공항로52번길,-,직거래,-
,충청북도 청주시 청원구 내수읍 풍정리,3*,단독,8m미만,199.46,932,202411,16,"34,000",개인,개인,2007,풍정3길,-,직거래,-
,충청북도 청주시 청원구 우암동,3**,단독,12m미만,110.97,135.4,202411,14,"13,500",개인,개인,1979,새터로23번길,-,직거래,-
,충청북도 청주시 청원구 오창읍 양청리,7**,다가구,12m미만,399.32,316.2,202411,13,"73,000",개인,개인,2011,양청택지1길,-,중개거래,충북 청주시 청원구
,충청북도 청주시 청원구 주성동,3**,단독,25m미만,489.54,245.6,202411,12,"180,000",개인,개인,2013,율량로,-,중개거래,충북 청주시 청원구
,충청북도 청주시 청원구 북이면 대율리,1**,단독,8m미만,148.71,498,202411,11,"4,300",개인,개인,1993,대율경촌길,-,직거래,-
,충청북도 청주시 청원구 내덕동,3**,단독,8m미만,168.77,188.1,202411,10,"28,500",개인,개인,1993,내덕로,-,직거래,-
,충청북도 청주시 청원구 내수읍 국동리,9*,단독,8m미만,78.33,258,202411,9,"10,000",개인,개인,2002,국동길,-,직거래,-
,충청북도 청주시 청원구 우암동,3**,단독,8m미만,49.87,123.6,202411,8,"6,000",개인,개인,1974,직지대로832번길,-,중개거래,충북 청주시 흥덕구
,충청북도 청주시 청원구 우암동,3**,단독,8m미만,327.29,207.3,202411,8,"40,500",개인,개인,2001,중앙로173번길,-,중개거래,충북 청주시 청원구
,충청북도 청주시 청원구 내덕동,6**,단독,8m미만,112.47,194.9,202411,7,"17,000",개인,개인,1983,교서로236번길,-,중개거래,충북 청주시 청원구
,충청북도 청주시 청원구 오창읍 양청리,7**,다가구,12m미만,624.92,349.2,202411,7,"86,500",개인,개인,2011,양청택지로,-,중개거래,충북 청주시 청원구
,충청북도 청주시 청원구 우암동,3**,단독,12m미만,46.95,134.9,202411,3,"9,000",개인,개인,1968,교서로110번길,-,중개거래,충북 청주시 청원구
,충청북도 청주시 청원구 내덕동,1**,다가구,8m미만,505.4,230,202411,1,"135,000",기타,개인,2001,안덕벌로15번길,-,직거래,-
,충청북도 청주시 청원구 내덕동,1**,단독,8m미만,48.72,102,202411,1,"35,000",기타,개인,1988,안덕벌로15번길,-,직거래,-
,충청북도 청주시 청원구 내덕동,6**,단독,8m미만,81.85,200.3,202410,30,"15,000",개인,개인,1975,향군로148번길,-,중개거래,충북 청주시 청원구
,충청북도 청주시 청원구 주중동,8**,다가구,25m미만,453.98,245.8,202410,30,"75,000",개인,개인,2013,율량로9번길,-,중개거래,충북 청주시 청원구
,충청북도 청주시 청원구 오창읍 양청리,7**,다가구,12m미만,502.76,419.6,202410,30,"69,200",개인,개인,2007,양청길,-,중개거래,충북 청주시 청원구
,충청북도 청주시 청원구 내덕동,6**,단독,8m미만,81.85,200.3,202410,30,"14,000",개인,개인,1975,향군로148번길,20241119,중개거래,충북 청주시 청원구
,충청북도 청주시 청원구 내덕동,1**,단독,25m미만,193.33,146,202410,29,"40,000",개인,개인,1981,안덕벌로,-,중개거래,충북 청주시 청원구
,충청북도 청주시 청원구 내덕동,1**,단독,8m미만,157.44,153,202410,21,"8,000",개인,개인,1990,안덕벌로52번길,-,직거래,-
,충청북도 청주시 청원구 오창읍 양청리,7**,다가구,12m미만,318.51,265.7,202410,16,"55,500",개인,개인,2011,양청택지1길,-,중개거래,충북 청주시 청원구
,충청북도 청주시 청원구 우암동,2**,단독,8m미만,104.61,170.6,202410,15,"10,000",개인,개인,1982,우암로24번길,20241015,직거래,-
,충청북도 청주시 청원구 우암동,3**,단독,12m미만,219.28,217.5,202410,13,"22,000",개인,개인,1985,교서로110번길,-,중개거래,"충북 청주시 상당구, 충북 청주시 청원구"
,충청북도 청주시 청원구 율량동,9**,다가구,8m미만,168.41,158.7,202410,13,"25,500",개인,개인,1992,율봉로202번길,-,중개거래,충북 청주시 청원구
,충청북도 청주시 청원구 우암동,4**,단독,8m미만,131.62,123,202410,10,"14,830",개인,개인,2014,교서로180번길,-,중개거래,충북 청주시 청원구
,충청북도 청주시 청원구 오창읍 성산리,4**,단독,-,22.6,701,202410,9,"33,844",개인,법인,2023,미래지로,-,직거래,-
,충청북도 청주시 청원구 내덕동,4**,단독,8m미만,173.43,172,202410,8,"19,300",개인,개인,1997,충청대로29번길,-,중개거래,충북 청주시 청원구
,충청북도 청주시 청원구 율량동,2***,다가구,8m미만,442.25,266.2,202410,5,"87,000",개인,개인,2023,율중로36번길,-,중개거래,충북 청주시 흥덕구
,충청북도 청주시 청원구 내덕동,6**,단독,8m미만,124.1,202.2,202410,5,"23,000",법인,개인,1982,새터로59번길,-,중개거래,충북 청주시 청원구
,충청북도 청주시 청원구 내덕동,6**,단독,12m미만,135.52,130.1,202410,5,"18,000",개인,개인,1982,1순환로353번길,-,중개거래,충북 청주시 청원구
,충청북도 청주시 청원구 내덕동,3**,다가구,8m미만,253.79,389.1,202410,4,"30,000",개인,개인,2000,새터로23번길,-,중개거래,충북 청주시 청원구
,충청북도 청주시 청원구 오창읍 괴정리,5**,단독,8m미만,69.3,551,202410,3,"18,000",개인,개인,1930,괴정길,-,중개거래,충북 청주시 청원구
,충청북도 청주시 청원구 내수읍 형동리,4**,단독,8m미만,86.6,670.6,202410,2,"10,000",개인,개인,1959,형동2길,-,직거래,-
,충청북도 청주시 청원구 우암동,3**,단독,8m미만,166.32,185.1,202410,1,"27,000",개인,개인,1992,사북로131번길,-,직거래,-
,충청북도 청주시 청원구 오창읍 원리,1**,단독,8m미만,164.14,856,202409,29,"43,500",개인,개인,2014,원리여천길,-,중개거래,충북 청주시 청원구
,충청북도 청주시 청원구 내덕동,1**,단독,8m미만,48.72,102,202409,23,"35,000",기타,개인,1988,안덕벌로15번길,-,중개거래,충북 청주시 흥덕구
,충청북도 청주시 청원구 내수읍 묵방리,3**,단독,8m미만,40,165,202409,20,"6,500",개인,개인,2000,묵방길,-,중개거래,충북 청주시 서원구
,충청북도 청주시 청원구 북이면 금암리,3*,단독,8m미만,129.99,962,202409,20,"17,500",개인,개인,1960,금암1길,-,직거래,-
,충청북도 청주시 청원구 우암동,3**,단독,8m미만,108.75,146.4,202409,19,"13,700",법인,개인,1977,중앙로,-,직거래,-
,충청북도 청주시 청원구 내수읍 내수리,3**,단독,8m미만,65.62,340,202409,10,"6,710",개인,개인,1977,내수신안길,-,중개거래,충북 청주시 청원구
,충청북도 청주시 청원구 오창읍 유리,4**,단독,8m미만,96.75,1619,202409,6,"19,000",개인,개인,1976,유리길,-,직거래,-
,충청북도 청주시 청원구 율량동,2***,다가구,12m미만,464.54,269.1,202409,6,"93,000",개인,개인,2021,율중로75번길,-,중개거래,충북 청주시 상당구
,충청북도 청주시 청원구 오창읍 구룡리,3**,다가구,25m이상,339.21,219.9,202409,5,"56,500",개인,개인,2013,구룡택지로,-,중개거래,충북 청주시 흥덕구
,충청북도 청주시 청원구 오창읍 양청리,7**,단독,25m미만,373.28,230.2,202409,5,"52,300",개인,개인,2002,양청택지로,-,중개거래,충북 청주시 청원구
,충청북도 청주시 청원구 내수읍 세교리,3**,단독,8m미만,97.42,619,202409,3,"27,810",개인,개인,2022,세교2길,-,직거래,-
,충청북도 청주시 청원구 우암동,3**,다가구,8m미만,360.22,234.7,202408,31,"35,500",개인,개인,2003,우암로64번길,-,중개거래,충북 청주시 청원구
,충청북도 청주시 청원구 오창읍 양청리,7**,다가구,12m미만,396.48,322.6,202408,31,"51,000",개인,개인,2007,양청택지1길,-,중개거래,충북 청주시 청원구
,충청북도 청주시 청원구 오창읍 복현리,1**,다가구,8m미만,485.28,417,202408,29,"57,000",개인,개인,2015,복현3길,-,직거래,-
,충청북도 청주시 청원구 내수읍 형동리,1**,단독,8m미만,155.17,823,202408,27,"22,000",개인,개인,1992,형동길,-,중개거래,충북 청주시 청원구
,충청북도 청주시 청원구 오창읍 구룡리,4**,다가구,12m미만,401.5,335.2,202408,26,"76,800",개인,개인,2010,구룡6길,-,중개거래,충북 청주시 청원구
,충청북도 청주시 청원구 오창읍 화산리(華山),4**,단독,8m미만,60.12,218,202408,26,"11,700",개인,개인,2000,빛화산길,-,중개거래,충북 청주시 흥덕구
,충청북도 청주시 청원구 내덕동,6**,다가구,8m미만,494.01,539.7,202408,25,"100,000",개인,개인,1985,내덕로7번길,-,중개거래,충북 청주시 청원구
,충청북도 청주시 청원구 주중동,8**,다가구,25m미만,486.82,263.2,202408,23,"85,000",개인,개인,2014,율량로9번길,-,중개거래,충북 청주시 상당구
,충청북도 청주시 청원구 내덕동,5**,단독,8m미만,78.72,261,202408,22,"24,700",개인,개인,2008,1순환로266번길,-,중개거래,충북 청주시 청원구
,충청북도 청주시 청원구 내덕동,6**,단독,8m미만,85.14,147.8,202408,18,"11,000",개인,개인,1976,향군로148번길,-,중개거래,충북 청주시 청원구
,충청북도 청주시 청원구 오창읍 양청리,7**,다가구,25m미만,327.76,228.7,202408,17,"50,500",개인,개인,2012,양청1길,-,중개거래,충북 청주시 청원구
,충청북도 청주시 청원구 내덕동,4**,단독,12m미만,90.35,165,202408,17,"16,000",개인,개인,1977,충청대로47번길,-,중개거래,충북 청주시 청원구
,충청북도 청주시 청원구 우암동,3**,다가구,8m미만,413.97,268.8,202408,16,"48,000",개인,개인,2008,우암로54번길,-,중개거래,충북 청주시 청원구
,충청북도 청주시 청원구 우암동,3**,단독,12m미만,193.7,178.5,202408,16,"22,000",개인,개인,1990,우암로20번길,-,직거래,-
,충청북도 청주시 청원구 내덕동,1**,단독,8m미만,292.74,162,202408,15,"39,200",기타,개인,1994,안덕벌로15번길,-,직거래,-
,충청북도 청주시 청원구 내덕동,1**,단독,8m미만,64.79,131,202408,14,"15,000",기타,개인,1979,안덕벌로69번길,-,직거래,-
,충청북도 청주시 청원구 오창읍 구룡리,4**,다가구,12m미만,360.89,258.3,202408,14,"51,250",개인,개인,2010,구룡6길,-,중개거래,충북 청주시 청원구
,충청북도 청주시 청원구 우암동,1**,단독,12m미만,94.4,102,202408,11,"21,000",법인,개인,1979,직지대로890번길,-,중개거래,충북 청주시 흥덕구
,충청북도 청주시 청원구 우암동,1**,단독,12m미만,89.32,225,202408,11,"21,000",법인,개인,1976,직지대로890번길,-,중개거래,충북 청주시 흥덕구
,충청북도 청주시 청원구 내덕동,7**,단독,8m미만,82.28,191.2,202408,4,"17,500",개인,개인,1982,교서로236번길,-,중개거래,충북 청주시 흥덕구
,충청북도 청주시 청원구 우암동,2**,단독,8m미만,93.98,191.2,202408,2,"14,400",개인,개인,1984,우암로23번길,-,중개거래,충북 청주시 흥덕구
,충청북도 청주시 청원구 북이면 토성리,4*,단독,8m미만,129.04,298,202408,1,"5,500",개인,개인,,토성1길,20240812,직거래,-
,충청북도 청주시 청원구 율량동,2***,다가구,12m미만,392.12,230.7,202407,31,"105,000",개인,개인,2019,율중로16번길,-,중개거래,충북 청주시 상당구
,충청북도 청주시 청원구 우암동,3**,다가구,8m미만,617.66,370.2,202407,30,"138,854",공공기관,개인,2023,우암로20번길,-,직거래,-
,충청북도 청주시 청원구 우암동,3**,단독,8m미만,245.16,428.8,202407,30,"20,400",개인,개인,1996,우암로64번길,-,직거래,-
,충청북도 청주시 청원구 오창읍 양청리,7**,다가구,12m미만,380.51,318.7,202407,29,"68,000",개인,개인,2009,양청길,-,중개거래,충북 청주시청원구
,충청북도 청주시 청원구 내수읍 세교리,1**,단독,12m미만,125.45,410,202407,29,"14,000",개인,개인,1957,청암로,-,직거래,-
,충청북도 청주시 청원구 내수읍 내수리,2**,단독,8m미만,81.69,298,202407,26,"9,500",개인,개인,1986,내수2길,-,직거래,-
,충청북도 청주시 청원구 내덕동,6**,단독,8m미만,66.57,194,202407,26,"9,000",개인,개인,1975,새터로73번길,-,중개거래,충북 청주시 청원구
,충청북도 청주시 청원구 우암동,3**,단독,25m미만,61.14,127,202407,22,"15,500",법인,개인,1974,우암로,-,중개거래,충북 청주시 청원구
,충청북도 청주시 청원구 우암동,3**,단독,25m미만,61.14,127,202407,22,"15,500",법인,개인,1974,우암로,-,중개거래,충북 청주시청원구
,충청북도 청주시 청원구 내덕동,6**,단독,8m미만,179.29,165.5,202407,21,"23,000",개인,개인,1989,내덕로7번길,-,중개거래,충북 청주시 청원구
,충청북도 청주시 청원구 내수읍 덕암리,5**,단독,8m미만,95.12,469,202407,20,"22,040",개인,개인,2013,덕암1길,-,중개거래,충북 청주시 청원구
,충청북도 청주시 청원구 내덕동,6**,다가구,12m미만,408.79,189.8,202407,16,"47,200",개인,개인,2007,내덕로17번길,-,중개거래,충북 청주시 상당구
,충청북도 청주시 청원구 우암동,3**,다가구,8m미만,515.82,298.2,202407,15,"67,000",개인,개인,2021,우암로53번길,-,중개거래,충북 청주시 상당구
,충청북도 청주시 청원구 오창읍 주성리,5**,다가구,12m미만,438.39,220.7,202407,15,"66,700",개인,개인,2015,주성2길,-,중개거래,충북 청주시청원구
,충청북도 청주시 청원구 오창읍 구룡리,4**,단독,25m미만,234.43,227.1,202407,11,"41,500",개인,개인,2007,구룡4길,-,중개거래,충북 청주시청원구
,충청북도 청주시 청원구 우암동,1**,다가구,12m미만,485.74,318,202407,10,"49,000",개인,개인,1996,대성로268번길,-,중개거래,충북 청주시 서원구
,충청북도 청주시 청원구 우암동,4*,단독,8m미만,65.8,172,202407,10,"9,600",개인,개인,1978,수동로,-,중개거래,충북 청주시 흥덕구
,충청북도 청주시 청원구 정하동,1*,단독,8m미만,58.68,307,202407,8,"17,750",개인,개인,2000,토성로76번길,-,중개거래,충북 청주시 청원구
,충청북도 청주시 청원구 정하동,1*,단독,8m미만,58.68,307,202407,8,"18,000",개인,개인,2009,토성로76번길,20241008,중개거래,충북 청주시 청원구
,충청북도 청주시 청원구 오창읍 구룡리,4**,다가구,12m미만,407.84,340.2,202407,3,"75,000",개인,개인,2011,구룡5길,20240705,중개거래,충북 청주시청원구
,충청북도 청주시 청원구 오창읍 구룡리,4**,다가구,12m미만,407.84,340.2,202407,3,"75,000",개인,개인,2011,구룡5길,-,중개거래,충북 청주시 청원구
,충청북도 청주시 청원구 오창읍 구룡리,4**,다가구,12m미만,473.28,394.5,202407,3,"80,000",개인,개인,2010,구룡택지안길,-,중개거래,충북 청주시청원구
,충청북도 청주시 청원구 오창읍 여천리,5**,단독,8m미만,176.72,660,202407,2,"20,000",개인,개인,1997,여천1길,-,중개거래,충북 청주시 청원구
,충청북도 청주시 청원구 주중동,5**,단독,8m미만,184.04,464,202406,25,"52,400",개인,개인,2005,공항로220번길,-,중개거래,충북 청주시 서원구
,충청북도 청주시 청원구 우암동,1**,단독,8m미만,176.03,221.9,202406,24,"13,000",개인,개인,1983,대성로,-,직거래,-
,충청북도 청주시 청원구 내덕동,3**,다가구,25m이상,351.97,146.1,202406,23,"50,200",개인,개인,2015,새터로43번길,-,중개거래,충북 청주시 흥덕구
,충청북도 청주시 청원구 율량동,2***,다가구,12m미만,542.33,342.2,202406,22,"80,000",개인,개인,2020,율중로16번길,-,중개거래,충북 청주시흥덕구
,충청북도 청주시 청원구 내덕동,7**,단독,8m미만,83.3,139,202406,20,"14,800",개인,개인,1981,1순환로330번길,-,중개거래,충북 청주시 청원구
,충청북도 청주시 청원구 북이면 내추리,1**,단독,12m미만,95.34,337,202406,18,"16,000",개인,개인,1998,용계내추로,-,중개거래,충북 청주시 청원구
,충청북도 청주시 청원구 우암동,2**,단독,8m미만,84.24,163.5,202406,14,"14,000",개인,개인,1982,우암로24번길,-,중개거래,충북 증평군
,충청북도 청주시 청원구 우암동,1**,단독,8m미만,29.75,97.7,202406,13,"6,800",개인,개인,1958,대성로,-,중개거래,경남 사천시
,충청북도 청주시 청원구 내덕동,2**,단독,25m미만,160.61,104.1,202406,11,"16,000",개인,개인,1971,내덕로61번길,-,중개거래,충북 청주시흥덕구
,충청북도 청주시 청원구 우암동,4**,단독,12m미만,178.92,159.6,202406,10,"22,500",개인,개인,1988,교서로222번길,-,중개거래,충북 청주서원구
,충청북도 청주시 청원구 오창읍 양청리,7**,다가구,12m미만,553.31,310.7,202406,6,"66,000",개인,개인,2007,양청택지1길,-,중개거래,충북 청주시 청원구
,충청북도 청주시 청원구 우암동,2**,단독,8m미만,84.82,152.4,202406,6,"8,500",개인,개인,1983,향군로115번길,-,중개거래,충북 청주시 서원구
,충청북도 청주시 청원구 내덕동,4**,단독,8m미만,140.61,123,202406,4,"21,000",개인,개인,1987,공항로46번길,-,중개거래,충북 청주시 청원구
,충청북도 청주시 청원구 율량동,7**,단독,8m미만,222.28,148.8,202405,31,"13,500",개인,개인,1995,율봉로167번길,-,직거래,-
,충청북도 청주시 청원구 내덕동,2**,단독,8m미만,61.06,135.5,202405,29,"6,800",개인,개인,1973,중앙로185번길,20240603,중개거래,충북 청주시흥덕구
,충청북도 청주시 청원구 내덕동,2**,단독,8m미만,61.06,135.5,202405,29,"6,700",개인,개인,1973,중앙로185번길,-,중개거래,충북 청주시흥덕구
,충청북도 청주시 청원구 내덕동,6**,단독,8m미만,219.57,183.1,202405,29,"16,000",개인,개인,1990,교서로236번길,-,중개거래,충북 청주시상당구
,충청북도 청주시 청원구 내덕동,7**,단독,8m미만,76.27,140,202405,28,"12,000",개인,개인,1979,새터로142번길,-,중개거래,충북 청주시청원구
,충청북도 청주시 청원구 내수읍 은곡리,2**,단독,8m미만,126.31,314,202405,28,"6,500",개인,법인,1980,은곡3길,20240607,중개거래,서울 관악구
,충청북도 청주시 청원구 내수읍 은곡리,2**,단독,8m미만,126.31,646,202405,28,"12,500",개인,법인,1980,은곡3길,20240605,중개거래,서울 관악구
,충청북도 청주시 청원구 외하동,3**,단독,8m미만,111.65,173,202405,28,"6,900",개인,개인,1979,팔결로334번길,-,중개거래,충북 청주시청원구
,충청북도 청주시 청원구 내수읍 우산리,8*,단독,8m미만,160.23,975,202405,27,"21,500",개인,개인,2005,우산2길,-,직거래,-
,충청북도 청주시 청원구 우암동,3**,단독,8m미만,158.74,172.2,202405,27,"16,200",개인,법인,1981,교서로110번길,-,직거래,-
,충청북도 청주시 청원구 우암동,3**,단독,12m미만,39.01,127.6,202405,24,"14,000",개인,개인,1967,교서로144번길,-,중개거래,충북 청주시 청원구
,충청북도 청주시 청원구 북이면 용계리,4**,단독,8m미만,113.83,539,202405,24,"6,000",개인,개인,1960,용계1길,-,직거래,-
,충청북도 청주시 청원구 내덕동,6**,단독,8m미만,155.98,133.7,202405,23,"18,500",개인,개인,1986,교서로236번길,-,중개거래,충북 청주시 청원구
,충청북도 청주시 청원구 오창읍 양청리,6**,다가구,25m미만,486.38,262,202405,20,"85,000",개인,개인,2020,양청6길,-,중개거래,충북 청주시청원구
,충청북도 청주시 청원구 내수읍 은곡리,2**,단독,8m미만,199.1,348,202405,20,"45,000",개인,개인,2023,내수로,20240712,중개거래,충북 청주시상당구
,충청북도 청주시 청원구 오창읍 양청리,7**,다가구,25m미만,384.06,215.8,202405,19,"62,000",개인,개인,2012,양청택지로,-,중개거래,충북 청주시청원구
,충청북도 청주시 청원구 내덕동,6**,단독,8m미만,199.26,172.2,202405,18,"14,000",개인,개인,1992,향군로148번길,-,중개거래,충북 청주시청원구
,충청북도 청주시 청원구 내덕동,6**,단독,8m미만,199.26,172.2,202405,18,"14,000",개인,개인,1992,향군로148번길,20240518,중개거래,충북 청주시청원구
,충청북도 청주시 청원구 우암동,4**,단독,8m미만,100.8,124,202405,17,"16,000",개인,개인,1976,교서로186번길,-,직거래,-
,충청북도 청주시 청원구 율량동,8**,다가구,12m미만,724.92,444.3,202405,15,"264,000",개인,개인,2023,율봉로167번길,-,중개거래,충북 청주시 상당구
,충청북도 청주시 청원구 내덕동,2**,다가구,12m미만,412.06,232.4,202405,13,"49,000",개인,개인,2009,새터로23번길,-,중개거래,충북 청주시흥덕구
,충청북도 청주시 청원구 내수읍 구성리,1*,단독,8m미만,99.6,582,202405,13,"17,300",개인,개인,2007,충청대로,-,중개거래,충북 청주시상당구
,충청북도 청주시 청원구 외남동,1**,단독,8m미만,110.02,240,202405,10,"18,000",개인,개인,1900,외남로,-,중개거래,충북 청주시청원구
,충청북도 청주시 청원구 북이면 서당리,3**,단독,8m미만,62.15,263,202405,8,"5,000",개인,개인,2006,서당길,-,중개거래,충북 청주서원구
,충청북도 청주시 청원구 내덕동,9*,단독,8m미만,297.84,231,202405,6,"108,000",개인,개인,2021,우암산로251번길,-,중개거래,충북 청주시청원구
,충청북도 청주시 청원구 주중동,2**,단독,8m미만,75.65,400,202405,4,"22,375",개인,개인,2007,주중로128번길,20240731,직거래,-
,충청북도 청주시 청원구 주중동,2**,단독,8m미만,75.65,400,202405,4,"22,320",개인,개인,2007,주중로128번길,-,직거래,-
,충청북도 청주시 청원구 오창읍 주성리,4**,다가구,12m미만,464.83,233.1,202405,1,"80,000",개인,개인,2014,주성2길,-,중개거래,충북 청주시 청원구
,충청북도 청주시 청원구 내덕동,2**,단독,8m미만,72.57,99.3,202404,29,"6,500",개인,개인,1979,중앙로,-,중개거래,"충북 청주시 상당구, 충북 청주시 청원구"
,충청북도 청주시 청원구 내덕동,2**,단독,8m미만,72.57,99.3,202404,29,"7,200",개인,개인,1979,중앙로,20240516,중개거래,충북 청주시청원구
,충청북도 청주시 청원구 내덕동,2**,단독,8m미만,72.57,99.3,202404,29,"7,200",개인,개인,1979,중앙로,20240823,중개거래,"충북 청주시 상당구, 충북 청주시 청원구"
,충청북도 청주시 청원구 율량동,2***,다가구,8m미만,557.29,292.3,202404,27,"118,000",개인,개인,2014,율량로201번길,-,중개거래,충북 청주시흥덕구
,충청북도 청주시 청원구 북이면 화상리,1**,단독,8m미만,46.01,264,202404,25,"2,500",개인,개인,1900,화상길,-,직거래,-
,충청북도 청주시 청원구 우암동,2*,단독,8m미만,356.62,284,202404,25,"25,100",개인,개인,1994,수동로42번길,-,중개거래,충북 청주시 청원구
,충청북도 청주시 청원구 오창읍 구룡리,3**,다가구,12m미만,404.51,337.1,202404,22,"63,000",개인,개인,2010,구룡2길,-,중개거래,충북 청주시청원구
,충청북도 청주시 청원구 내덕동,6**,단독,8m미만,147.9,155.4,202404,20,"20,600",개인,개인,1999,향군로151번길,-,중개거래,충북 청주시청원구
,충청북도 청주시 청원구 율량동,2***,다가구,12m미만,425.36,229.8,202404,19,"74,000",개인,개인,2017,율중로16번길,-,중개거래,충북 청주시청원구
,충청북도 청주시 청원구 오창읍 양청리,6**,다가구,12m미만,625.49,358.6,202404,18,"55,000",개인,개인,2010,양청6길,-,직거래,-
,충청북도 청주시 청원구 우암동,3**,단독,12m미만,62.15,166.9,202404,17,"19,600",개인,개인,1968,우암로10번길,-,중개거래,"경기 부천시 원미구, 충북 청주시 청원구"
,충청북도 청주시 청원구 북이면 부연리,2**,단독,,95.06,618,202404,11,"15,350",개인,개인,2015,신기초정로,-,직거래,-
,충청북도 청주시 청원구 율량동,1***,단독,8m미만,99.74,94,202404,11,"11,300",법인,개인,1983,율천북로,-,직거래,-
,충청북도 청주시 청원구 오창읍 양청리,6**,다가구,12m미만,624.92,714.6,202404,9,"112,000",개인,개인,2012,양청1길,-,중개거래,충북 청주시청원구
,충청북도 청주시 청원구 오창읍 구룡리,4**,단독,25m이상,133.56,224.4,202404,8,"25,500",개인,개인,2006,구룡택지1로,-,중개거래,충북 청주시청원구
,충청북도 청주시 청원구 오창읍 각리,3**,단독,8m미만,100.75,330,202404,5,"14,500",개인,개인,1997,각리2길,-,직거래,-
,충청북도 청주시 청원구 율량동,1***,단독,8m미만,196.19,161,202404,4,"18,300",개인,개인,1984,율천북로,-,중개거래,"충북 청주서원구, 충북 청주시흥덕구"
,충청북도 청주시 청원구 오창읍 양청리,7**,다가구,12m미만,604.55,334.6,202404,4,"81,000",개인,개인,2014,양청2안길,-,중개거래,충북 청주시청원구
,충청북도 청주시 청원구 내덕동,5**,단독,8m미만,136.18,202,202404,3,"16,000",개인,개인,1989,새터로134번길,-,중개거래,충북 청주시청원구
,충청북도 청주시 청원구 율량동,1***,단독,8m미만,165.92,171,202404,3,"13,000",개인,개인,1989,사뜸로47번길,-,중개거래,충북 청주시청원구
,충청북도 청주시 청원구 내덕동,5**,단독,8m미만,68.61,163,202404,2,"18,500",개인,개인,1978,사뜸로5번길,-,중개거래,충북 청주시청원구
,충청북도 청주시 청원구 내덕동,6**,단독,12m미만,99.11,166.6,202404,2,"18,200",개인,개인,1975,새터로97번길,-,중개거래,충북 청주시청원구
,충청북도 청주시 청원구 우암동,3**,다가구,8m미만,614.01,347.1,202404,1,"43,200",개인,법인,2003,교서로168번길,-,직거래,-
,충청북도 청주시 청원구 우암동,1**,단독,8m미만,73.72,204.9,202403,30,"11,500",개인,개인,1975,대성로,-,중개거래,충북 청주시청원구
,충청북도 청주시 청원구 정북동,1**,단독,,124.26,367,202403,29,"13,000",개인,개인,1984,토성로238번길,-,직거래,-
,충청북도 청주시 청원구 내덕동,6**,단독,,68.53,172.9,202403,28,"14,300",개인,개인,1974,향군로160번길,-,직거래,-
,충청북도 청주시 청원구 우암동,2*,다가구,8m미만,426.19,239,202403,28,"84,000",개인,개인,2015,대성로266번길,-,중개거래,충북 청주서원구
,충청북도 청주시 청원구 외남동,1**,단독,8m미만,105.07,442,202403,23,"10,700",개인,개인,1900,외남로31번길,-,중개거래,충북 청주시흥덕구
,충청북도 청주시 청원구 우암동,2**,단독,8m미만,128.18,154.4,202403,22,"15,000",개인,개인,1983,교서로186번길,-,중개거래,"충북 청주시청원구, 충북 청주시흥덕구"
,충청북도 청주시 청원구 율량동,1***,다가구,8m미만,361.45,209.9,202403,22,"56,000",개인,개인,2010,충청대로107번길,-,중개거래,충북 청주시청원구
,충청북도 청주시 청원구 오창읍 구룡리,4**,단독,25m미만,252.72,219.3,202403,18,"36,750",개인,개인,2005,구룡택지로,-,중개거래,"경기 하남시, 충북 청주시청원구"
,충청북도 청주시 청원구 내덕동,1**,단독,25m미만,94.2,36.24,202403,18,"9,075",개인,개인,1997,안덕벌로,-,중개거래,충북 청주시 흥덕구
,충청북도 청주시 청원구 오창읍 구룡리,4**,단독,25m미만,252.72,219.3,202403,18,"36,750",개인,개인,2005,구룡택지로,20240415,중개거래,충북 청주시청원구
,충청북도 청주시 청원구 북이면 토성리,2**,단독,8m미만,77.76,440,202403,18,"5,650",개인,개인,1993,토성1길,-,중개거래,충북 증평군
,충청북도 청주시 청원구 내덕동,6**,단독,12m미만,55.05,175,202403,17,"14,000",개인,개인,1975,1순환로296번길,-,중개거래,충북 청주시 청원구
,충청북도 청주시 청원구 율량동,2***,다가구,25m미만,372.52,248.4,202403,14,"91,000",개인,개인,2018,율봉로285번길,-,중개거래,"인천 연수구, 충북 청주시흥덕구"
,충청북도 청주시 청원구 내수읍 은곡리,2**,단독,,158.94,537,202403,14,"10,000",개인,개인,1995,은곡3길,-,직거래,-
,충청북도 청주시 청원구 우암동,2**,단독,25m이상,462.48,165.4,202403,13,"34,500",개인,개인,1991,직지대로,-,직거래,-
,충청북도 청주시 청원구 우암동,2**,단독,8m미만,130.95,147.5,202403,13,"16,300",개인,개인,1985,향군로93번길,-,중개거래,충북 청주시청원구
,충청북도 청주시 청원구 오동동,2**,단독,,70.38,972,202403,13,"17,000",개인,개인,2003,오동로32번길,-,직거래,-
,충청북도 청주시 청원구 우암동,3**,단독,,59.01,131.2,202403,12,"7,000",개인,개인,1972,우암로,-,직거래,-
,충청북도 청주시 청원구 내덕동,1**,다가구,8m미만,505.4,230,202403,12,"135,000",기타,개인,2001,안덕벌로15번길,20241125,중개거래,충북 청주시 흥덕구
,충청북도 청주시 청원구 오창읍 양청리,6**,단독,12m미만,112.28,620.3,202403,12,"40,000",개인,개인,2011,양청1길,-,중개거래,충북 청주시 상당구
,충청북도 청주시 청원구 우암동,3**,단독,,58.31,138.5,202403,11,"9,100",개인,개인,1972,우암로,-,직거래,-
,충청북도 청주시 청원구 내덕동,1**,단독,8m미만,48.72,102,202403,8,"35,000",기타,개인,1988,안덕벌로15번길,20240924,중개거래,충북 청주시 흥덕구
,충청북도 청주시 청원구 우암동,3**,단독,,131.82,155.7,202403,7,"23,500",개인,개인,1980,우암로,-,중개거래,충북 청주시청원구
,충청북도 청주시 청원구 내수읍 비상리,2**,단독,,122.98,364,202403,4,"14,000",개인,개인,1900,비상길,-,직거래,-
,충청북도 청주시 청원구 내덕동,4**,단독,8m미만,112.09,160,202403,3,"24,800",개인,개인,1985,공항로46번길,-,중개거래,충북 청주시청원구
,충청북도 청주시 청원구 내덕동,3**,단독,8m미만,99.17,97,202403,2,"10,100",개인,개인,1979,공항로,-,중개거래,충북 청주시청원구
,충청북도 청주시 청원구 내덕동,3**,단독,,50.91,109,202403,2,"14,000",개인,개인,1900,공항로,-,직거래,-
,충청북도 청주시 청원구 외남동,1**,단독,,141.48,588,202403,1,"16,000",개인,개인,1900,외남로69번길,-,중개거래,충북 청주시청원구
,충청북도 청주시 청원구 내수읍 은곡리,2**,단독,,199.1,332,202402,29,"27,768",개인,개인,2023,내수로,-,직거래,-
,충청북도 청주시 청원구 율량동,2***,단독,,519.51,259.8,202402,28,"118,000",개인,개인,2013,율량로,-,중개거래,충북 청주시흥덕구
,충청북도 청주시 청원구 오동동,1*,단독,,130.74,379,202402,28,"16,000",법인,개인,1993,공항로,-,중개거래,충북 청주시흥덕구
,충청북도 청주시 청원구 오창읍 양청리,7**,단독,,579.9,348.3,202402,28,"80,500",법인,개인,2006,양청택지1길,-,중개거래,충북 청주시청원구
,충청북도 청주시 청원구 오창읍 구룡리,4**,단독,,649.26,373.3,202402,28,"80,300",법인,개인,2006,구룡6길,-,중개거래,충북 청주시청원구
,충청북도 청주시 청원구 오창읍 양청리,7**,다가구,,605.16,378.7,202402,26,"72,000",개인,개인,2007,양청택지1길,-,중개거래,충북 청주시청원구
,충청북도 청주시 청원구 우암동,3**,다가구,25m미만,412.48,231.7,202402,26,"75,000",개인,개인,2010,우암로,-,직거래,-
,충청북도 청주시 청원구 오창읍 양청리,6**,다가구,12m미만,387.19,323.6,202402,24,"78,000",개인,개인,2015,양청5길,-,중개거래,충북 청주시청원구
,충청북도 청주시 청원구 우암동,4**,단독,,30.08,56.9,202402,14,"9,000",법인,개인,1975,교서로180번길,-,중개거래,충북 청주시청원구
,충청북도 청주시 청원구 내덕동,1**,단독,8m미만,57.06,55,202402,14,"10,810",기타,개인,1998,안덕벌로15번길,20241201,중개거래,충북 청주시 흥덕구
,충청북도 청주시 청원구 내덕동,1**,단독,8m미만,113.44,142,202402,14,"34,065",기타,개인,1991,안덕벌로15번길,20241201,중개거래,충북 청주시 흥덕구
,충청북도 청주시 청원구 율량동,9**,다가구,,194.72,152.5,202402,13,"8,000",개인,개인,1991,율봉로176번길,-,직거래,-
,충청북도 청주시 청원구 외남동,9*,단독,,92.22,356,202402,8,"8,000",개인,개인,1900,외남로104번길,-,직거래,-
,충청북도 청주시 청원구 내덕동,2**,단독,8m미만,39.67,176,202402,7,"9,405",개인,개인,1900,상당로302번길,-,직거래,-
,충청북도 청주시 청원구 우암동,2**,단독,8m미만,84.68,115.9,202402,7,"15,800",개인,개인,1900,향군로93번길,-,중개거래,충북 청주청원구
,충청북도 청주시 청원구 내수읍 내수리,3*,단독,,81.18,307,202402,5,"16,800",개인,개인,1979,내수본길,-,중개거래,충북 청주시청원구
,충청북도 청주시 청원구 내덕동,4**,단독,25m이상,175.97,151,202402,3,"26,500",개인,개인,1980,충청대로,20240206,중개거래,충북 청주청원구
,충청북도 청주시 청원구 내덕동,4**,단독,25m이상,175.97,151,202402,3,"26,500",개인,개인,1980,충청대로,-,중개거래,충북 청주시청원구
,충청북도 청주시 청원구 율량동,9**,단독,8m미만,327.41,203.3,202402,1,"48,000",개인,개인,2002,율천북로165번길,-,직거래,-
,충청북도 청주시 청원구 율량동,1***,단독,,129.16,133,202401,31,"14,500",개인,개인,1983,율천북로137번길,-,중개거래,충북 청주시흥덕구
,충청북도 청주시 청원구 오창읍 양청리,7**,다가구,25m미만,302.54,228.2,202401,30,"63,000",개인,개인,2011,양청1길,-,중개거래,충북 청주시상당구
,충청북도 청주시 청원구 내덕동,4**,단독,8m미만,83.26,175,202401,29,"18,500",개인,개인,1981,충청대로29번길,-,중개거래,충북 청주시청원구
,충청북도 청주시 청원구 율량동,2***,다가구,25m이상,480.51,279.8,202401,29,"122,750",개인,개인,2016,율봉로,-,중개거래,충북 청주시흥덕구
,충청북도 청주시 청원구 북이면 석성리,8**,단독,8m미만,127.85,624,202401,29,"17,000",개인,개인,2013,석성한천길,-,중개거래,충북 청주청원구
,충청북도 청주시 청원구 내수읍 덕암리,1**,단독,8m미만,115.43,333,202401,27,"9,630",개인,개인,1900,덕암2길,-,직거래,-
,충청북도 청주시 청원구 율량동,1***,단독,,113.84,143,202401,26,"16,000",개인,개인,1983,율천북로,-,중개거래,충북 청주시흥덕구
,충청북도 청주시 청원구 우암동,3**,단독,,22.86,137.5,202401,24,"9,000",개인,개인,1900,교서로162번길,-,중개거래,충북 청주시청원구
,충청북도 청주시 청원구 내덕동,1**,단독,,82.26,141,202401,24,"9,000",개인,개인,1979,충청대로23번길,-,직거래,-
,충청북도 청주시 청원구 내덕동,1**,다가구,8m미만,196.99,145,202401,24,"35,090",기타,개인,1994,안덕벌로15번길,20241201,중개거래,충북 청주시 흥덕구
,충청북도 청주시 청원구 오창읍 장대리,3**,단독,,176.43,241,202401,22,"14,000",개인,개인,1989,장대길,-,직거래,-
,충청북도 청주시 청원구 내덕동,1**,단독,8m미만,117.06,113,202401,22,"28,000",기타,개인,1995,충청대로22번길,20241201,중개거래,충북 청주시 흥덕구
,충청북도 청주시 청원구 오창읍 성산리,1**,단독,12m미만,124.21,804,202401,22,"18,000",개인,개인,2000,두릉유리로,-,직거래,-
,충청북도 청주시 청원구 오창읍 양청리,6**,다가구,,647.85,379.5,202401,20,"70,000",개인,개인,2008,양청6길,-,중개거래,충북 청주시청원구
,충청북도 청주시 청원구 내덕동,1**,단독,8m미만,71.58,208,202401,19,"97,400",기타,개인,1980,안덕벌로15번길,20241201,중개거래,충북 청주시 흥덕구
,충청북도 청주시 청원구 내덕동,1**,다가구,8m미만,199.86,190,202401,19,"51,750",기타,개인,1994,안덕벌로15번길,20241201,중개거래,충북 청주시 흥덕구
,충청북도 청주시 청원구 율량동,2***,다가구,,407.95,248.4,202401,18,"91,500",개인,개인,2020,율중로16번길,-,중개거래,충북 청주시청원구
,충청북도 청주시 청원구 외하동,3**,단독,,179.32,325,202401,18,"10,500",개인,개인,1979,팔결로324번길,-,중개거래,충북 청주시흥덕구
,충청북도 청주시 청원구 내덕동,5**,단독,,165.28,210,202401,18,"19,700",개인,개인,1988,공항로70번길,-,중개거래,충북 청주시청원구
,충청북도 청주시 청원구 내덕동,1**,단독,8m미만,20.75,188,202401,17,"42,585",기타,개인,1900,안덕벌로15번길,20241201,중개거래,충북 청주시 흥덕구
,충청북도 청주시 청원구 내덕동,1**,단독,8m미만,69.01,109,202401,17,"30,000",기타,개인,1981,안덕벌로15번길,20241230,중개거래,충북 청주시 흥덕구
,충청북도 청주시 청원구 북이면 화상리,3*,단독,,68.94,387,202401,17,"3,000",개인,개인,1984,화상길,-,직거래,-
,충청북도 청주시 청원구 오창읍 주성리,4**,다가구,,472.62,273.7,202401,14,"84,000",개인,개인,2014,주성2길,-,중개거래,충북 청주시청원구
,충청북도 청주시 청원구 주성동,4**,다가구,12m미만,548.95,297.6,202401,11,"122,000",개인,개인,2013,율량로138번길,20240122,중개거래,서울 강남구
,충청북도 청주시 청원구 내덕동,1**,단독,12m미만,143.67,119,202401,5,"20,000",개인,개인,1981,안덕벌로52번길,-,중개거래,충북 청주청원구
,충청북도 청주시 청원구 오창읍 양청리,7**,다가구,12m미만,476.97,289,202401,4,"66,200",개인,개인,2007,양청택지1길,-,중개거래,충북 청주청원구
,충청북도 청주시 청원구 내수읍 학평리,1**,단독,12m미만,592.5,600,202401,2,"47,000",개인,개인,1989,내수학평길,-,직거래,-
,충청북도 청주시 청원구 내덕동,6**,단독,25m이상,462.76,254.8,202312,28,"38,000",-,-,1985,향군로,-,직거래,-
,충청북도 청주시 청원구 우암동,3**,단독,,149.49,119,202312,28,"15,300",-,-,1992,우암로10번길,-,중개거래,충북 청주시청원구
,충청북도 청주시 청원구 우암동,3**,단독,,119.45,158.6,202312,27,"7,100",-,-,1900,우암로44번길,-,중개거래,충북 청주서원구
,충청북도 청주시 청원구 내덕동,3**,단독,25m이상,208.2,165.5,202312,26,"30,000",-,-,1984,새터로,-,직거래,-
,충청북도 청주시 청원구 오동동,3**,단독,8m미만,39.5,204,202312,19,"16,631",-,-,2021,토성로214번길,-,직거래,-
,충청북도 청주시 청원구 내덕동,5**,단독,8m미만,136.18,202,202312,16,"16,000",-,-,1989,새터로134번길,20240402,중개거래,충북 청주시청원구
,충청북도 청주시 청원구 율량동,2***,다가구,,441.96,252.9,202312,15,"93,000",-,-,2019,율중로,-,중개거래,충북 청주시상당구
,충청북도 청주시 청원구 우암동,3**,다가구,,469.7,267.1,202312,14,"61,500",-,-,2010,우암로53번길,-,중개거래,충북 청주시상당구
,충청북도 청주시 청원구 우암동,3**,단독,,127.73,145.5,202312,13,"30,000",-,-,1971,새터로37번길,-,중개거래,충북 청주시흥덕구
,충청북도 청주시 청원구 오창읍 화산리(華山),4**,단독,,67.5,539,202312,11,"13,500",-,-,1986,빛화산길,-,중개거래,충북 청주시청원구
,충청북도 청주시 청원구 오창읍 양청리,6**,단독,25m미만,262.53,218.8,202312,8,"52,000",-,-,2015,양청6길,-,직거래,-
,충청북도 청주시 청원구 내수읍 세교리,3**,단독,8m미만,97.42,625.35,202312,6,"29,000",-,-,2022,세교2길,20240628,중개거래,충북 청주시상당구
,충청북도 청주시 청원구 내덕동,5**,단독,12m미만,82.31,150,202312,5,"16,800",-,-,1979,1순환로225번길,-,직거래,-
,충청북도 청주시 청원구 우암동,3**,단독,8m미만,72.17,191.4,202311,27,"16,000",-,-,1900,교서로168번길,-,중개거래,충북 청주상당구
,충청북도 청주시 청원구 오창읍 가곡리,3**,단독,,99.47,238,202311,25,"15,500",-,-,1995,가곡2길,-,중개거래,충북 청주시청원구
,충청북도 청주시 청원구 오창읍 괴정리,5**,단독,8m미만,134.3,535,202311,25,"20,000",-,-,1981,괴정길,-,중개거래,충북 청주청원구
,충청북도 청주시 청원구 우암동,3**,단독,8m미만,57.71,126,202311,23,"6,200",-,-,1971,우암로10번길,-,중개거래,충북 청주흥덕구
,충청북도 청주시 청원구 오창읍 양청리,6**,다가구,25m미만,271.69,226.7,202311,22,"56,000",-,-,2013,양청6길,-,직거래,-
,충청북도 청주시 청원구 사천동,3**,단독,8m미만,176.17,158,202311,20,"23,500",-,-,1991,율천북로25번길,20231219,중개거래,충북 청주청원구
,충청북도 청주시 청원구 오창읍 가곡리,3**,단독,8m미만,34.71,638,202311,14,"21,500",-,-,1941,가곡2길,-,중개거래,충북 청주서원구
,충청북도 청주시 청원구 오창읍 양청리,7**,다가구,12m미만,449.71,374.9,202311,13,"80,000",-,-,2012,양청길,-,중개거래,충북 청주청원구
,충청북도 청주시 청원구 내덕동,1**,단독,8m미만,96.45,152,202311,13,"15,000",-,-,2012,안덕벌로86번길,-,직거래,-
,충청북도 청주시 청원구 율량동,1***,다가구,25m미만,461.94,231.3,202311,10,"105,000",-,-,2013,율량로,-,중개거래,충북 청주상당구
,충청북도 청주시 청원구 내덕동,3**,단독,8m미만,61.25,108,202311,9,"11,000",-,-,1994,공항로59번길,-,직거래,-
,충청북도 청주시 청원구 우암동,3**,단독,25m이상,53.75,145.8,202311,6,"13,500",-,-,1970,향군로,-,중개거래,충북 청주청원구
,충청북도 청주시 청원구 북이면 장양리,2*,단독,-,74.73,441,202311,5,"6,100",-,-,1975,대율내추길,-,중개거래,충북 증평군
,충청북도 청주시 청원구 율량동,2***,다가구,8m미만,447.57,257.7,202311,4,"97,000",-,-,2017,율봉로262번길,-,중개거래,충북 청주청원구
,충청북도 청주시 청원구 우암동,3**,단독,8m미만,79.34,174.5,202311,3,"14,000",-,-,1975,교서로150번길,-,중개거래,충북 청주청원구
,충청북도 청주시 청원구 우암동,1**,다가구,12m미만,485.74,318,202311,3,"43,000",-,-,1996,대성로268번길,-,중개거래,충북 청주서원구
,충청북도 청주시 청원구 우암동,3**,다가구,25m미만,424.33,202.6,202311,3,"44,000",-,-,2003,우암로,-,중개거래,충북 청주청원구
,충청북도 청주시 청원구 오창읍 양청리,7**,다가구,,362.97,302.7,202310,31,"90,000",-,-,2010,양청2안길,-,직거래,-
,충청북도 청주시 청원구 내덕동,4**,단독,12m미만,193.08,349,202310,30,"65,000",-,-,1984,충청대로57번길,-,중개거래,충북 청주흥덕구
,충청북도 청주시 청원구 오창읍 양청리,7**,다가구,12m미만,592.84,332.4,202310,30,"79,000",-,-,2009,양청길,-,중개거래,충북 청주흥덕구
,충청북도 청주시 청원구 북이면 토성리,2**,단독,8m미만,77.76,440,202310,28,"5,400",-,-,1993,토성1길,20231206,중개거래,충북 증평군
,충청북도 청주시 청원구 내수읍 비중리,3**,단독,,73.98,376.8,202310,26,"23,500",-,-,2010,비중길,-,중개거래,충북 청주시청원구
,충청북도 청주시 청원구 내수읍 원통리,3**,단독,8m미만,77.58,324,202310,23,"10,000",-,-,1940,원통숲안1길,-,중개거래,충북 청주상당구
,충청북도 청주시 청원구 오창읍 백현리,1**,단독,8m미만,88.93,456,202310,20,"7,500",-,-,1935,백현2길,-,직거래,-
,충청북도 청주시 청원구 내덕동,7**,단독,8m미만,141.83,125,202310,20,"26,000",-,-,1990,새터로142번길,-,직거래,-
,충청북도 청주시 청원구 율량동,2***,다가구,12m미만,438,251.1,202310,20,"96,400",-,-,2018,율중로16번길,-,직거래,-
,충청북도 청주시 청원구 오창읍 구룡리,4**,다가구,12m미만,342.89,287.2,202310,18,"66,000",-,-,2006,구룡6길,-,직거래,-
,충청북도 청주시 청원구 우암동,1**,단독,8m미만,64.86,117,202310,17,"8,000",-,-,1979,상당로232번길,-,중개거래,충북 청주청원구
,충청북도 청주시 청원구 오창읍 양청리,7**,다가구,12m미만,607.9,355.6,202310,15,"74,000",-,-,2006,양청길,-,중개거래,충북 청주청원구
,충청북도 청주시 청원구 오창읍 양청리,7**,다가구,25m미만,539.72,451.1,202310,15,"91,000",-,-,2012,양청택지3길,-,중개거래,충북 청주청원구
,충청북도 청주시 청원구 오창읍 양청리,7**,다가구,25m미만,539.72,451.1,202310,15,"91,000",-,-,2012,양청택지3길,20231221,중개거래,충북 청주청원구
,충청북도 청주시 청원구 내덕동,3**,단독,8m미만,67.44,139,202310,13,"12,700",-,-,1976,공항로59번길,-,중개거래,충북 청주청원구 충북 청주흥덕구
,충청북도 청주시 청원구 오창읍 양청리,7**,다가구,12m미만,383.12,320.7,202310,12,"79,750",-,-,2012,양청길,-,중개거래,충북 청주청원구
,충청북도 청주시 청원구 내수읍 덕암리,4**,단독,8m미만,223.67,752,202310,11,"43,000",-,-,2017,도원세교로,-,중개거래,충북 청주청원구
,충청북도 청주시 청원구 내덕동,1**,단독,8m미만,82.26,141,202310,10,"9,500",-,-,1979,충청대로23번길,-,직거래,-
,충청북도 청주시 청원구 우암동,3**,다가구,12m미만,554.97,314.1,202310,10,"92,000",-,-,2015,사북로131번길,-,중개거래,충북 청주청원구
,충청북도 청주시 청원구 오창읍 구룡리,4**,다가구,12m미만,613.68,373.6,202310,10,"85,000",-,-,2007,구룡6길,-,중개거래,충북 청주시청원구
,충청북도 청주시 청원구 내덕동,1**,단독,8m미만,157.92,149,202310,9,"15,000",-,-,1989,내덕로61번길,-,중개거래,충북 청주시 서원구
,충청북도 청주시 청원구 내덕동,6**,단독,8m미만,56.89,180.5,202310,6,"19,000",-,-,1977,1순환로335번길,-,중개거래,충북 청주청원구
,충청북도 청주시 청원구 내덕동,6**,단독,8m미만,74.06,183.1,202310,5,"16,500",-,-,1976,향군로148번길,-,중개거래,충북 청주청원구
,충청북도 청주시 청원구 율량동,8**,다가구,,718.73,467,202310,4,"264,000",-,-,2023,율봉로167번길,-,중개거래,충북 청주시상당구
,충청북도 청주시 청원구 내수읍 형동리,2**,단독,8m미만,105.09,231,202310,4,"25,000",-,-,1998,형동길,-,직거래,-
,충청북도 청주시 청원구 우암동,3**,다가구,8m미만,341.09,204,202309,27,"52,000",-,-,2014,우암로54번길,-,중개거래,충북 청주흥덕구
,충청북도 청주시 청원구 내수읍 묵방리,1*,단독,8m미만,96.22,623,202309,25,"33,500",-,-,2015,묵방2다길,-,중개거래,충북 청주흥덕구
,충청북도 청주시 청원구 우암동,4**,단독,8m미만,98.46,202.6,202309,23,"20,400",-,-,1983,교서로196번길,-,중개거래,충북 청주청원구
,충청북도 청주시 청원구 오창읍 원리,9*,단독,8m미만,125.37,315,202309,22,"30,000",-,-,2022,원리2길,20240110,중개거래,충북 청주시 청원구
,충청북도 청주시 청원구 오창읍 원리,9*,단독,8m미만,125.37,397,202309,22,"31,800",-,-,2022,원리2길,-,중개거래,충북 청주청원구
,충청북도 청주시 청원구 오창읍 양청리,7**,단독,12m미만,521.4,324.4,202309,20,"80,000",-,-,2007,양청길,-,직거래,-
,충청북도 청주시 청원구 오창읍 양청리,7**,단독,12m미만,381.17,319.5,202309,12,"83,000",-,-,2010,양청2안길,-,중개거래,충북 청주시 청원구
,충청북도 청주시 청원구 주성동,4**,단독,8m미만,494.44,250.8,202309,7,"100,000",-,-,2014,율량로138번길,-,중개거래,충북 청주청원구
,충청북도 청주시 청원구 율량동,2***,다가구,12m미만,453.25,240.5,202309,6,"103,004",-,-,2023,율중로29번길,-,직거래,-
,충청북도 청주시 청원구 오창읍 주성리,3**,다가구,12m미만,529.8,312.8,202309,5,"105,000",-,-,2014,주성3길,20231228,중개거래,충북 청주청원구
,충청북도 청주시 청원구 우암동,2*,단독,8m미만,66.71,158,202309,5,"6,600",-,-,1991,대성로254번길,-,중개거래,충북 청주시 청원구
,충청북도 청주시 청원구 오창읍 주성리,3**,다가구,12m미만,529.8,267.9,202309,5,"102,000",-,-,2014,주성3길,-,중개거래,충북 청주청원구
,충청북도 청주시 청원구 내덕동,5**,단독,8m미만,78.79,127,202309,4,"11,500",-,-,1980,1순환로225번길,-,직거래,-
,충청북도 청주시 청원구 오창읍 장대리,3**,단독,25m이상,99.57,150,202309,1,"15,000",-,-,1988,두릉유리로,20230926,중개거래,충북 청주청원구
,충청북도 청주시 청원구 오창읍 장대리,3**,단독,25m이상,99.57,150,202309,1,"15,000",-,-,1988,두릉유리로,-,중개거래,충북 청주청원구
,충청북도 청주시 청원구 오창읍 양청리,7**,다가구,25m미만,327.43,228.9,202308,31,"65,000",-,-,2008,양청택지2길,-,중개거래,충북 청주흥덕구
,충청북도 청주시 청원구 우암동,3**,단독,8m미만,65.22,155,202308,31,"13,500",-,-,1974,교서로138번길,-,직거래,-
,충청북도 청주시 청원구 북이면 영하리,2**,단독,8m미만,215.28,652,202308,30,"5,000",-,-,1970,영하길,-,직거래,-
,충청북도 청주시 청원구 북이면 현암리,3**,단독,8m미만,80,361,202308,28,"10,000",-,-,2003,현암천수길,-,중개거래,충북 청주흥덕구
,충청북도 청주시 청원구 내수읍 초정리,2**,단독,8m미만,106.29,671,202308,28,"19,000",-,-,2016,초정1길,-,직거래,-
,충청북도 청주시 청원구 내덕동,1**,다가구,12m미만,348.88,191,202308,26,"63,200",-,-,2015,안덕벌로52번길,-,중개거래,충북 청주서원구
,충청북도 청주시 청원구 주중동,9**,다가구,25m미만,468.43,251.5,202308,26,"90,000",-,-,2016,율량로4번길,-,중개거래,충북 청주서원구
,충청북도 청주시 청원구 내덕동,5**,단독,8m미만,66.66,116,202308,25,"9,800",-,-,1979,사뜸로5번길,-,직거래,-
,충청북도 청주시 청원구 내덕동,6**,단독,8m미만,112.47,194.9,202308,25,"16,500",-,-,1983,교서로236번길,-,중개거래,충북 청주청원구
,충청북도 청주시 청원구 내덕동,4**,단독,12m미만,141.76,168,202308,23,"32,000",-,-,1984,충청대로57번길,-,중개거래,충북 청주청원구 충북 청주흥덕구
,충청북도 청주시 청원구 오창읍 양청리,7**,다가구,12m미만,576.08,346.2,202308,22,"55,000",-,-,2007,양청택지로,-,중개거래,충북 청주청원구
,충청북도 청주시 청원구 율량동,1***,다가구,25m미만,445.12,296.3,202308,22,"95,000",-,-,2017,율량로,-,중개거래,충북 청주상당구
,충청북도 청주시 청원구 율량동,1***,단독,12m미만,48.96,91,202308,22,"24,000",-,-,1992,충청대로107번길,-,직거래,-
,충청북도 청주시 청원구 내덕동,3**,단독,8m미만,138.02,296,202308,21,"24,000",-,-,1985,공항로52번길,-,중개거래,충북 청주청원구
,충청북도 청주시 청원구 율량동,2***,다가구,12m미만,431.66,230,202308,19,"89,800",-,-,2017,율중로16번길,-,중개거래,충북 청주청원구
,충청북도 청주시 청원구 오창읍 양청리,7**,다가구,12m미만,421.77,313.9,202308,18,"65,000",-,-,2011,양청택지2길,-,중개거래,충북 청주청원구
,충청북도 청주시 청원구 율량동,1***,단독,12m미만,175.31,152,202308,17,"18,000",-,-,1991,사뜸로18번길,-,직거래,-
,충청북도 청주시 청원구 율량동,8**,다가구,12m미만,692.48,516.7,202308,17,"265,600",-,-,2023,율봉로167번길,-,중개거래,충북 청주상당구
,충청북도 청주시 청원구 율량동,2***,다가구,8m미만,432.72,251.1,202308,15,"85,500",-,-,2016,율봉로286번길,-,중개거래,충북 청주청원구
,충청북도 청주시 청원구 오창읍 양청리,7**,단독,12m미만,74.82,553.6,202308,15,"38,000",-,-,2011,양청택지로,-,중개거래,충북 청주상당구
,충청북도 청주시 청원구 율량동,2***,다가구,12m미만,502.12,265.9,202308,15,"106,000",-,-,2017,율중로,-,중개거래,충북 청주청원구
,충청북도 청주시 청원구 우암동,2**,단독,8m미만,152.62,161.8,202308,14,"19,500",-,-,1982,우암로30번길,-,중개거래,충북 청주청원구
,충청북도 청주시 청원구 내덕동,1**,다가구,8m미만,456.91,245,202308,11,"29,000",-,-,1992,안덕벌로86번길,-,중개거래,충북 청주청원구
,충청북도 청주시 청원구 내덕동,1**,단독,8m미만,150.78,179,202308,11,"27,500",-,-,1993,안덕벌로69번길,-,직거래,-
,충청북도 청주시 청원구 내덕동,1**,단독,8m미만,151.05,195,202308,11,"31,800",-,-,2015,내덕로53번길,-,직거래,-
,충청북도 청주시 청원구 오창읍 양청리,7**,다가구,12m미만,410.22,317.4,202308,10,"67,800",-,-,2013,양청택지1길,-,중개거래,충북 청주청원구
,충청북도 청주시 청원구 주중동,9**,단독,12m미만,444.91,248.3,202308,10,"97,000",-,-,2019,율량로48번길,-,중개거래,충북 청주상당구
,충청북도 청주시 청원구 내덕동,1**,단독,8m미만,84.97,161,202308,10,"24,000",-,-,1989,안덕벌로69번길,-,직거래,-
,충청북도 청주시 청원구 내덕동,2**,단독,8m미만,39.22,103.5,202308,9,"3,500",-,-,1970,중앙로,-,직거래,-
,충청북도 청주시 청원구 우암동,4**,단독,8m미만,84.13,133.3,202308,7,"14,200",-,-,1978,교서로180번길,-,중개거래,충북 청주청원구
,충청북도 청주시 청원구 오창읍 가좌리,3*,단독,8m미만,48.4,472,202308,3,"11,695",-,-,2001,오창가좌3길,-,중개거래,충북 청주청원구
,충청북도 청주시 청원구 오창읍 구룡리,4**,다가구,12m미만,509.4,312.2,202308,1,"62,000",-,-,2007,구룡6길,-,중개거래,충북 청주청원구
,충청북도 청주시 청원구 주중동,3**,단독,8m미만,107.55,245,202308,1,"11,838",-,-,1977,외평로,-,중개거래,충북 청주청원구
,충청북도 청주시 청원구 오창읍 양청리,6**,단독,12m미만,584.14,322.3,202307,31,"104,500",-,-,2018,양청5길,-,중개거래,충북 청주청원구
,충청북도 청주시 청원구 내덕동,1**,단독,8m미만,69.18,147,202307,30,"7,000",-,-,1977,충청대로23번길,-,중개거래,충북 청주청원구
,충청북도 청주시 청원구 내덕동,8*,다가구,8m미만,245.26,170,202307,29,"43,000",-,-,2014,안덕벌로52번길,-,중개거래,충북 청주서원구
,충청북도 청주시 청원구 오창읍 성산리,1**,단독,8m미만,152.03,718,202307,26,"7,000",-,-,1988,성산길,-,직거래,-
,충청북도 청주시 청원구 내수읍 은곡리,1**,단독,8m미만,167.25,409,202307,25,"26,000",-,-,1995,은곡길,-,중개거래,충북 청주서원구
,충청북도 청주시 청원구 내덕동,1**,단독,8m미만,95.37,197,202307,25,"30,000",-,-,1970,안덕벌로19번길,-,직거래,-
,충청북도 청주시 청원구 오창읍 양청리,7**,다가구,25m이상,390.34,222.3,202307,25,"63,500",-,-,2013,오창공원로,-,중개거래,충북 청주청원구
,충청북도 청주시 청원구 사천동,3**,단독,12m미만,105.3,201,202307,24,"25,000",-,-,1993,율천북로21번길,-,중개거래,충북 청주청원구
,충청북도 청주시 청원구 오창읍 구룡리,3**,다가구,25m이상,348.42,216.8,202307,21,"60,000",-,-,2009,구룡택지로,-,중개거래,충북 청주청원구
,충청북도 청주시 청원구 오창읍 양청리,7**,단독,25m이상,90.04,302.6,202307,20,"43,000",-,-,2003,연구단지로,-,직거래,-
,충청북도 청주시 청원구 내덕동,1**,단독,12m미만,98.02,207,202307,12,"35,000",-,-,1981,안덕벌로69번길,-,직거래,-
,충청북도 청주시 청원구 내덕동,8*,단독,8m미만,161.8,201,202307,10,"22,500",-,-,1984,안덕벌로52번길,-,중개거래,충북 청주청원구
,충청북도 청주시 청원구 율량동,2***,다가구,12m미만,461.7,246.9,202307,6,"80,000",-,-,2015,율중로75번길,-,중개거래,충북 청주상당구
,충청북도 청주시 청원구 내덕동,6**,단독,8m미만,134.17,120,202307,6,"14,000",-,-,1985,새터로120번길,-,중개거래,충북 청주청원구
,충청북도 청주시 청원구 오창읍 양청리,7**,단독,25m미만,420.36,339.8,202307,6,"92,000",-,-,2015,양청택지3길,-,중개거래,충북 청주청원구
,충청북도 청주시 청원구 오창읍 양청리,7**,다가구,12m미만,596.88,361.4,202307,6,"78,000",-,-,2004,양청길,-,중개거래,충북 청주흥덕구
,충청북도 청주시 청원구 내수읍 덕암리,5**,단독,8m미만,241,1346,202307,5,"31,000",-,-,1997,덕암1길,-,중개거래,충북 청주서원구
,충청북도 청주시 청원구 북이면 화하리,7*,단독,8m미만,149.96,501,202307,4,"12,000",-,-,2000,화하길,-,중개거래,충북 청주청원구
,충청북도 청주시 청원구 내덕동,1**,단독,8m미만,456.91,245,202307,4,"29,000",-,-,1992,안덕벌로86번길,20230829,중개거래,충북 청주시 청원구
,충청북도 청주시 청원구 내덕동,1**,단독,8m미만,157.92,149,202307,2,"15,000",-,-,1989,내덕로61번길,20230710,중개거래,충북 청주서원구
,충청북도 청주시 청원구 오창읍 양청리,7**,다가구,12m미만,353.62,295.9,202307,1,"62,500",-,-,2009,양청택지1길,-,중개거래,충북 청주청원구
,충청북도 청주시 청원구 내덕동,4**,단독,12m미만,128.07,137,202306,30,"21,500",-,-,1996,충청대로62번길,-,중개거래,충북 청주청원구
,충청북도 청주시 청원구 우암동,4**,단독,8m미만,135.11,213.4,202306,29,"15,500",-,-,1979,교서로168번길,-,중개거래,충북 청주청원구
,충청북도 청주시 청원구 우암동,4**,단독,8m미만,127.95,148.9,202306,29,"13,000",-,-,1980,교서로168번길,-,중개거래,충북 청주청원구
,충청북도 청주시 청원구 내덕동,3**,다가구,8m미만,304.7,241,202306,29,"40,800",-,-,2003,공항로33번길,-,중개거래,충북 청주흥덕구
,충청북도 청주시 청원구 율량동,2***,다가구,12m미만,415.59,251.1,202306,28,"106,000",-,-,2018,율봉로286번길,-,중개거래,충북 증평군 충북 청주청원구
,충청북도 청주시 청원구 우암동,3**,단독,8m미만,76.68,116.4,202306,26,"7,700",-,-,1999,향군로63번길,-,직거래,-
,충청북도 청주시 청원구 우암동,3**,단독,12m미만,174.04,234.4,202306,23,"25,500",-,-,1975,교서로116번길,-,직거래,-
,충청북도 청주시 청원구 오창읍 주성리,4**,단독,25m미만,493.56,266,202306,21,"100,500",-,-,2014,2산단로,20250515,중개거래,충북 청주시 청원구
,충청북도 청주시 청원구 율량동,9**,다가구,8m미만,245.22,140.3,202306,20,"31,000",-,-,2003,율봉로176번길,-,중개거래,충북 청주청원구
,충청북도 청주시 청원구 우암동,3**,단독,8m미만,63.45,138.2,202306,20,"11,500",-,-,1971,향군로,-,중개거래,충북 청주청원구
,충청북도 청주시 청원구 우암동,4**,단독,25m미만,113.46,134.2,202306,18,"15,500",-,-,1980,우암로,-,중개거래,충북 청주서원구
,충청북도 청주시 청원구 오창읍 양청리,7**,단독,12m미만,339.21,283,202306,16,"60,000",-,-,2010,양청택지1길,-,중개거래,충북 청주청원구
,충청북도 청주시 청원구 오동동,2**,단독,8m미만,76.38,387,202306,15,"7,000",-,-,1962,오동로32번길,-,직거래,-
,충청북도 청주시 청원구 우암동,2**,단독,8m미만,69.66,120.4,202306,14,"8,500",-,-,1984,교서로186번길,-,중개거래,충북 청주청원구
,충청북도 청주시 청원구 오창읍 두릉리,4**,단독,8m미만,97.68,925,202306,14,"22,000",-,-,2002,두릉길,-,중개거래,충북 청주시청원구
,충청북도 청주시 청원구 내덕동,6**,단독,8m미만,97.77,99.8,202306,13,"15,000",-,-,1985,향군로141번길,-,직거래,-
,충청북도 청주시 청원구 율량동,2***,다가구,25m이상,448.5,245.7,202306,10,"91,900",-,-,2016,율봉로286번길,-,중개거래,충북 청주청원구
,충청북도 청주시 청원구 북이면 옥수리,1**,단독,25m미만,132.19,347,202306,10,"26,000",-,-,2011,중앙로,-,중개거래,충북 청주청원구
,충청북도 청주시 청원구 내수읍 저곡리,1**,단독,8m미만,149.01,337,202306,10,"8,000",-,-,1955,저곡길,-,직거래,-
,충청북도 청주시 청원구 북이면 추학리,4**,단독,8m미만,145.53,827,202306,9,"14,629",-,-,2008,용계내추로,-,중개거래,충북 청주서원구
,충청북도 청주시 청원구 오창읍 양청리,7**,다가구,12m미만,374.62,291.4,202306,8,"70,900",-,-,2011,양청택지2길,-,중개거래,충북 청주청원구
,충청북도 청주시 청원구 내수읍 내수리,2**,단독,8m미만,98.94,329,202306,7,"13,800",-,-,1996,내수2길,-,중개거래,충북 청주청원구
,충청북도 청주시 청원구 내덕동,8*,단독,8m미만,199.32,180,202306,4,"12,000",-,-,1995,안덕벌로102번길,-,중개거래,충북 청주청원구
,충청북도 청주시 청원구 내덕동,6**,단독,25m이상,488.1,172.89,202306,3,"50,000",-,-,1989,향군로160번길,-,중개거래,충북 청주흥덕구
,충청북도 청주시 청원구 오창읍 구룡리,3**,단독,12m미만,199.43,880.6,202306,1,"61,000",-,-,2021,구룡1길,20230811,직거래,-
,충청북도 청주시 청원구 오창읍 구룡리,3**,단독,12m미만,199.43,880.6,202306,1,"61,000",-,-,2021,구룡1길,20230821,직거래,-
,충청북도 청주시 청원구 오창읍 구룡리,3**,단독,12m미만,199.43,880.6,202306,1,"61,000",-,-,2021,구룡1길,-,직거래,-
,충청북도 청주시 청원구 내덕동,3**,다가구,8m미만,304.7,241,202305,31,"40,800",-,-,2003,공항로33번길,20230629,중개거래,충북 청주흥덕구
,충청북도 청주시 청원구 우암동,4**,단독,8m미만,142.41,203.7,202305,31,"23,000",-,-,1988,교서로180번길,-,중개거래,충북 청주청원구
,충청북도 청주시 청원구 오창읍 장대리,5*,단독,8m미만,84.17,237,202305,31,"20,500",-,-,1955,오창시내5길,-,직거래,-
,충청북도 청주시 청원구 내수읍 묵방리,5**,단독,8m미만,124.12,741,202305,30,"32,600",-,-,2018,내수로,-,중개거래,충북 청주시 청원구
,충청북도 청주시 청원구 내덕동,9*,단독,8m미만,299.23,211,202305,30,"32,000",-,-,1995,우암산로251번길,-,중개거래,충북 청주청원구
,충청북도 청주시 청원구 우암동,3**,단독,12m미만,183.72,155.7,202305,26,"21,500",-,-,1992,중앙로103번길,-,중개거래,충북 청주청원구
,충청북도 청주시 청원구 내덕동,1**,단독,8m미만,62.22,107,202305,25,"17,000",-,-,1981,안덕벌로69번길,-,직거래,-
,충청북도 청주시 청원구 오창읍 창리,*,단독,8m미만,148.43,198,202305,25,"60,000",-,-,1964,두릉유리로,20240602,중개거래,충북 청주서원구
,충청북도 청주시 청원구 내덕동,9*,단독,8m미만,29.76,125,202305,23,"4,700",-,-,1958,안덕벌로52번길,-,직거래,-
,충청북도 청주시 청원구 율량동,2***,다가구,12m미만,490.56,278.2,202305,21,"105,500",-,-,2021,율중로,-,중개거래,충북 청주상당구
,충청북도 청주시 청원구 우암동,4**,단독,8m미만,127.95,148.9,202305,20,"12,300",-,-,1980,교서로168번길,-,직거래,-
,충청북도 청주시 청원구 우암동,2**,단독,8m미만,297.32,179,202305,19,"29,000",-,-,1975,상당로252번길,-,직거래,-
,충청북도 청주시 청원구 내수읍 은곡리,2**,단독,8m미만,131.22,471,202305,19,"22,400",-,-,1994,은곡3길,-,중개거래,충북 청주흥덕구
,충청북도 청주시 청원구 내덕동,6**,단독,8m미만,198.82,207.1,202305,16,"17,000",-,-,1985,교서로236번길,-,중개거래,충북 청주청원구 충북 청주흥덕구
,충청북도 청주시 청원구 오창읍 양청리,6**,다가구,12m미만,570.79,323.2,202305,15,"58,500",-,-,2011,양청5길,20240830,중개거래,충북 청주시 청원구
,충청북도 청주시 청원구 우암동,2*,다가구,8m미만,406.62,194,202305,15,"12,000",-,-,2001,수암로95번길,-,중개거래,충북 청주서원구
,충청북도 청주시 청원구 우암동,3**,단독,8m미만,90.32,126,202305,15,"14,500",-,-,1981,사북로139번길,-,중개거래,충북 청주상당구
,충청북도 청주시 청원구 우암동,3**,단독,8m미만,126.01,233,202305,15,"12,000",-,-,1978,향군로,-,중개거래,충북 청주청원구
,충청북도 청주시 청원구 내수읍 형동리,4**,단독,8m미만,148.02,818,202305,12,"60,000",-,-,2020,형동2길,-,중개거래,충북 청주청원구 충북 청주흥덕구
,충청북도 청주시 청원구 오창읍 양청리,7**,다가구,25m미만,511.29,312.4,202305,7,"87,000",-,-,2013,양청택지3길,-,중개거래,충북 청주청원구
,충청북도 청주시 청원구 오창읍 양청리,7**,다가구,25m미만,268.85,224.2,202305,3,"59,900",-,-,2015,양청1길,-,직거래,-
,충청북도 청주시 청원구 내덕동,4**,다가구,12m미만,227.43,208,202305,3,"30,000",-,-,1991,안덕벌로57번길,-,직거래,-
,충청북도 청주시 청원구 내덕동,1**,단독,8m미만,64.54,157,202305,2,"18,600",-,-,1975,안덕벌로86번길,-,직거래,-
,충청북도 청주시 청원구 율량동,2***,다가구,12m미만,430.17,287.9,202305,1,"94,000",-,-,2016,율중로29번길,-,중개거래,충북 청주청원구
,충청북도 청주시 청원구 우암동,3**,단독,12m미만,126.66,102.5,202304,28,"16,500",-,-,1992,향군로74번길,-,직거래,-
,충청북도 청주시 청원구 내수읍 덕암리,4**,단독,8m미만,57.57,341,202304,27,"20,350",-,-,2015,덕암2길,-,중개거래,충북 청주청원구
,충청북도 청주시 청원구 오창읍 장대리,2**,단독,8m미만,569.74,239,202304,24,"38,200",-,-,2002,오창시내3길,-,중개거래,충북 청주상당구
,충청북도 청주시 청원구 우암동,3**,다가구,8m미만,277.92,178.5,202304,24,"27,800",-,-,1999,교서로168번길,-,중개거래,충북 청주청원구
,충청북도 청주시 청원구 사천동,7**,다가구,12m미만,558.69,280,202304,24,"130,000",-,-,2019,사뜸로,-,중개거래,충북 청주흥덕구
,충청북도 청주시 청원구 우암동,3**,단독,25m미만,192.53,148.4,202304,23,"12,900",-,-,1989,우암로20번길,-,직거래,-
,충청북도 청주시 청원구 오창읍 구룡리,4**,단독,12m미만,540.9,333.6,202304,22,"74,000",-,-,2007,구룡2길,-,중개거래,충북 청주청원구
,충청북도 청주시 청원구 내덕동,1**,단독,8m미만,41.19,165,202304,22,"7,000",-,-,1975,안덕벌로86번길,-,직거래,-
,충청북도 청주시 청원구 오창읍 일신리,2**,단독,8m미만,87.19,208,202304,17,"10,400",-,-,1962,일신1길,-,중개거래,충북 증평군 충북 청주청원구
,충청북도 청주시 청원구 율량동,9**,단독,8m미만,411.15,250.7,202304,15,"40,200",-,-,2002,율봉로152번길,-,중개거래,충북 청주흥덕구
,충청북도 청주시 청원구 내덕동,6**,단독,8m미만,67.23,145.1,202304,15,"12,700",-,-,1977,향군로160번길,-,중개거래,충북 청주청원구
,충청북도 청주시 청원구 우암동,3**,단독,8m미만,58.84,148.1,202304,13,"13,500",-,-,1973,교서로168번길,-,중개거래,충북 청주청원구
,충청북도 청주시 청원구 내덕동,1**,단독,8m미만,143.19,179,202304,11,"29,000",-,-,1984,안덕벌로19번가길,-,직거래,-
,충청북도 청주시 청원구 우암동,2**,단독,25m이상,111.24,329,202304,10,"54,500",-,-,1978,교서로,-,중개거래,충북 청주상당구
,충청북도 청주시 청원구 내덕동,3**,단독,8m미만,39.39,119,202304,10,"7,200",-,-,1972,내덕로61번길,-,직거래,-
,충청북도 청주시 청원구 오창읍 구룡리,4**,다가구,12m미만,427.87,359.5,202304,8,"72,000",-,-,2010,구룡5길,-,중개거래,충북 청주청원구
,충청북도 청주시 청원구 율량동,9**,다가구,12m미만,384.54,214,202304,7,"41,800",-,-,2001,공항로112번길,-,중개거래,충북 청주흥덕구
,충청북도 청주시 청원구 내덕동,1**,다가구,8m미만,523.27,248,202304,6,"38,000",-,-,2001,안덕벌로76번길,-,직거래,-
,충청북도 청주시 청원구 율량동,1***,단독,8m미만,171.06,144,202304,6,"20,300",-,-,1990,사뜸로28번길,-,중개거래,충북 청주청원구
,충청북도 청주시 청원구 내덕동,6**,단독,8m미만,135.64,157,202304,5,"22,200",-,-,1985,1순환로341번길,-,중개거래,충북 청주청원구
,충청북도 청주시 청원구 우암동,5*,단독,8m미만,195.47,196,202304,5,"18,700",-,-,1992,수암로,-,중개거래,충북 청주청원구
,충청북도 청주시 청원구 오창읍 원리,9*,단독,8m미만,131.54,430,202304,5,"29,800",-,-,2022,원리2길,-,중개거래,충북 청주시 서원구
,충청북도 청주시 청원구 오창읍 주성리,5**,다가구,12m미만,427.63,214.5,202304,5,"87,500",-,-,2017,주성2길,-,중개거래,충북 청주청원구
,충청북도 청주시 청원구 율량동,1**,단독,8m미만,182,924,202304,4,"65,400",-,-,2003,상리로,-,중개거래,충북 청주서원구
,충청북도 청주시 청원구 내덕동,1**,다가구,8m미만,133.74,135,202304,4,"17,000",-,-,1992,안덕벌로52번길,-,중개거래,충북 청주청원구
,충청북도 청주시 청원구 오창읍 성산리,4**,단독,8m미만,105.3,393,202304,4,"38,500",-,-,2017,미래지로,-,중개거래,충북 청주청원구
,충청북도 청주시 청원구 오창읍 성산리,4**,단독,8m미만,39,628,202304,3,"19,000",-,-,2023,미래지로,-,직거래,-
,충청북도 청주시 청원구 우암동,3**,단독,8m미만,68.53,138.6,202304,3,"10,000",-,-,1977,우암로30번길,-,직거래,-
,충청북도 청주시 청원구 오창읍 양청리,7**,단독,12m미만,295.57,248,202304,1,"52,000",-,-,2011,양청택지1길,-,중개거래,충북 청주청원구
,충청북도 청주시 청원구 북이면 대율리,2**,단독,8m미만,93.06,400,202303,31,"9,200",-,-,1997,대율다락말길,-,직거래,-
,충청북도 청주시 청원구 내수읍 묵방리,*,단독,8m미만,99.94,588,202303,30,"17,500",-,-,2016,묵방2가길,-,직거래,-
,충청북도 청주시 청원구 내덕동,6**,단독,8m미만,141.92,181.6,202303,26,"13,800",-,-,1984,향군로136번길,-,중개거래,충북 청주청원구
,충청북도 청주시 청원구 오창읍 양청리,7**,단독,25m미만,270.47,225.5,202303,25,"61,400",-,-,2013,양청택지2길,-,중개거래,충북 청주청원구
,충청북도 청주시 청원구 오창읍 주성리,3**,다가구,12m미만,542,283.6,202303,22,"80,000",-,-,2014,주성3길,-,중개거래,충북 청주청원구
,충청북도 청주시 청원구 율량동,9**,다가구,8m미만,482.82,273.9,202303,21,"83,000",-,-,2012,율봉로152번길,-,직거래,-
,충청북도 청주시 청원구 오창읍 구룡리,4**,단독,12m미만,394.04,330.71,202303,17,"62,000",-,-,2008,구룡6길,-,중개거래,충북 청주청원구
,충청북도 청주시 청원구 내덕동,2**,단독,12m미만,118.04,135.5,202303,14,"13,500",-,-,1982,새터로23번길,20230324,중개거래,충북 청주서원구
,충청북도 청주시 청원구 내덕동,2**,단독,12m미만,118.04,135.5,202303,14,"13,500",-,-,1982,새터로23번길,-,중개거래,충북 청주서원구 충북 청주흥덕구
,충청북도 청주시 청원구 우암동,3**,단독,8m미만,358.71,148.7,202303,12,"20,650",-,-,1989,우암로43번길,-,중개거래,충북 청주청원구
,충청북도 청주시 청원구 북이면 현암리,3**,단독,8m미만,104.81,463,202303,11,"16,000",-,-,1989,현암천수길,-,중개거래,충북 청주흥덕구
,충청북도 청주시 청원구 오창읍 양청리,6**,다가구,12m미만,617.92,387.5,202303,9,"63,000",-,-,2008,양청6길,-,중개거래,충북 청주청원구
,충청북도 청주시 청원구 우암동,3**,단독,8m미만,71.06,132.6,202303,9,"14,500",-,-,1974,우암로63번길,-,직거래,-
,충청북도 청주시 청원구 내덕동,3**,단독,25m이상,960.4,305,202303,8,"68,000",-,-,1992,공항로,-,중개거래,충북 청주상당구
,충청북도 청주시 청원구 우암동,1**,단독,12m미만,67.73,122,202303,8,"13,000",-,-,1972,상당로218번길,-,중개거래,충북 청주상당구
,충청북도 청주시 청원구 우암동,4*,단독,12m미만,454.19,473,202303,8,"113,156",-,-,2022,수동로,-,직거래,-
,충청북도 청주시 청원구 오창읍 성산리,4**,단독,8m미만,115.52,635,202303,7,"46,883",-,-,2018,성산2길,-,직거래,-
,충청북도 청주시 청원구 우암동,3**,단독,8m미만,253.53,287.6,202303,7,"20,000",-,-,1995,직지대로872번길,-,중개거래,충북 청주상당구
,충청북도 청주시 청원구 오창읍 양지리,1**,다가구,12m미만,512.92,518,202303,6,"89,000",-,-,2014,2산단1로,-,중개거래,충북 청주시 청원구
,충청북도 청주시 청원구 율량동,2***,다가구,12m미만,425.36,229.8,202303,5,"80,000",-,-,2017,율중로16번길,-,중개거래,충북 청주청원구
,충청북도 청주시 청원구 오창읍 구룡리,4**,단독,12m미만,427.48,356.8,202303,4,"66,000",-,-,2006,구룡2길,-,중개거래,충북 청주청원구
,충청북도 청주시 청원구 오창읍 구룡리,4**,다가구,12m미만,509.4,312.2,202303,3,"62,000",-,-,2007,구룡6길,20230801,중개거래,충북 청주청원구
,충청북도 청주시 청원구 내덕동,6**,단독,8m미만,59.05,135.5,202303,2,"11,000",-,-,1973,향군로148번길,-,중개거래,충북 청주청원구
,충청북도 청주시 청원구 오창읍 양청리,7**,단독,12m미만,359.38,299.6,202303,2,"63,000",-,-,2011,양청택지1길,-,중개거래,충북 청주청원구
,충청북도 청주시 청원구 오창읍 양청리,7**,다가구,25m미만,305.14,215,202303,2,"52,500",-,-,2012,양청택지로,-,중개거래,충북 청주청원구
,충청북도 청주시 청원구 내수읍 은곡리,2**,단독,8m미만,165.37,220,202303,2,"37,000",-,-,2021,내수로,-,중개거래,충북 청주흥덕구
,충청북도 청주시 청원구 내덕동,1**,단독,8m미만,48.51,251,202303,1,"9,500",-,-,1971,안덕벌로39번길,20230303,중개거래,충북 청주청원구
,충청북도 청주시 청원구 우암동,1**,단독,8m미만,48.22,122,202303,1,"11,250",-,-,1973,상당로224번길,-,중개거래,충북 청주청원구
,충청북도 청주시 청원구 내덕동,1**,단독,8m미만,48.51,251,202303,1,"9,200",-,-,1971,안덕벌로39번길,-,중개거래,충북 청주청원구
,충청북도 청주시 청원구 우암동,3**,단독,8m미만,72.99,168.3,202302,28,"14,900",-,-,1974,교서로150번길,-,직거래,-
,충청북도 청주시 청원구 오창읍 양청리,7**,다가구,25m미만,473.64,320.3,202302,27,"66,000",-,-,2010,양청택지3길,-,중개거래,충북 청주청원구
,충청북도 청주시 청원구 오창읍 양청리,7**,다가구,25m미만,473.64,320.3,202302,27,"66,000",-,-,2010,양청택지3길,20230417,중개거래,충북 청주청원구
,충청북도 청주시 청원구 오창읍 양청리,7**,다가구,25m미만,548.65,308.9,202302,26,"84,500",-,-,2012,양청1길,-,중개거래,충북 청주청원구
,충청북도 청주시 청원구 율량동,9**,단독,8m미만,224.64,200.9,202302,23,"36,300",-,-,1993,율봉로152번길,-,중개거래,세종시 충북 청주청원구
,충청북도 청주시 청원구 내덕동,3**,단독,12m미만,149.27,168.6,202302,21,"15,300",-,-,1995,새터로37번길,-,중개거래,충북 청주청원구
,충청북도 청주시 청원구 우암동,2**,단독,25m이상,111.24,329,202302,21,"54,500",-,-,1978,교서로,20230408,중개거래,충북 청주상당구
,충청북도 청주시 청원구 내수읍 비중리,3**,단독,8m미만,99.3,354,202302,20,"28,000",-,-,2014,비중길,-,중개거래,충북 청주청원구
,충청북도 청주시 청원구 내덕동,7**,단독,8m미만,59.45,101,202302,18,"9,800",-,-,1978,새터로142번길,-,중개거래,충북 청주청원구
,충청북도 청주시 청원구 오창읍 양청리,7**,다가구,12m미만,448.9,355.3,202302,18,"69,600",-,-,2011,양청택지1길,-,중개거래,충북 청주청원구
,충청북도 청주시 청원구 오창읍 양청리,7**,다가구,25m미만,284.18,237.4,202302,18,"61,000",-,-,2014,양청택지1길,-,중개거래,충북 청주청원구
,충청북도 청주시 청원구 우암동,1**,단독,12m미만,89.32,225,202302,16,"35,000",-,-,1976,직지대로890번길,-,중개거래,충북 청주상당구 충북 청주청원구
,충청북도 청주시 청원구 우암동,1**,단독,12m미만,94.4,102,202302,16,"12,000",-,-,1979,직지대로890번길,-,중개거래,충북 청주상당구 충북 청주청원구
,충청북도 청주시 청원구 내덕동,6**,다가구,12m미만,433.45,185.8,202302,15,"46,000",-,-,2007,내덕로17번길,-,중개거래,충북 청주서원구 충북 청주청원구
,충청북도 청주시 청원구 우암동,4**,단독,12m미만,84.69,150.7,202302,14,"13,800",-,-,1982,우암로9번길,-,중개거래,충북 청주흥덕구
,충청북도 청주시 청원구 오창읍 성산리,4**,단독,8m미만,33,364,202302,14,"14,300",-,-,2022,미래지로,-,직거래,-
,충청북도 청주시 청원구 우암동,3**,단독,12m미만,22.86,137.5,202302,11,"9,000",-,-,1978,교서로162번길,20230314,중개거래,충북 청주청원구
,충청북도 청주시 청원구 주중동,1***,단독,12m미만,474.94,254.8,202302,11,"77,000",-,-,2015,주성로233번길,-,중개거래,충북 청주서원구
,충청북도 청주시 청원구 오창읍 성산리,1**,단독,8m미만,91.05,412,202302,10,"11,500",-,-,2008,성산길,-,중개거래,충북 청주청원구
,충청북도 청주시 청원구 오창읍 원리,9*,단독,8m미만,98.6,755,202302,5,"28,978",-,-,2018,원리2길,-,중개거래,충북 청주상당구
,충청북도 청주시 청원구 오창읍 구룡리,4**,다가구,12m미만,441.21,350.7,202302,4,"84,000",-,-,2012,구룡택지안길,-,중개거래,충북 청주청원구
,충청북도 청주시 청원구 내덕동,1**,다가구,12m미만,345.1,197,202301,31,"59,800",-,-,2012,안덕벌로69번길,-,직거래,-
,충청북도 청주시 청원구 율량동,2***,다가구,25m이상,626.4,340.9,202301,31,"146,000",-,-,2017,주성로,-,중개거래,충북 청주청원구
,충청북도 청주시 청원구 오창읍 원리,9*,단독,-,82.96,415,202301,31,"21,700",-,-,2023,원리2길,-,중개거래,충북 청주청원구
,충청북도 청주시 청원구 우암동,3**,단독,12m미만,249.38,198.3,202301,30,"24,500",-,-,1996,새터로23번길,-,직거래,-
,충청북도 청주시 청원구 내덕동,6**,단독,8m미만,79.94,167,202301,30,"16,000",-,-,1981,향군로,-,직거래,-
,충청북도 청주시 청원구 내덕동,7**,단독,8m미만,72.06,162.7,202301,28,"13,000",-,-,1981,교서로222번길,-,중개거래,충북 청주흥덕구
,충청북도 청주시 청원구 내덕동,1**,단독,12m미만,107.13,165,202301,25,"16,000",-,-,1982,안덕벌로57번길,-,직거래,-
,충청북도 청주시 청원구 내덕동,1**,단독,12m미만,79.77,159,202301,25,"17,000",-,-,1980,안덕벌로57번길,-,직거래,-
,충청북도 청주시 청원구 율량동,9**,단독,8m미만,305.74,181.2,202301,17,"38,000",-,-,2011,율봉로176번길,-,중개거래,충북 청주서원구
,충청북도 청주시 청원구 내덕동,2**,다가구,8m미만,241.56,152,202301,17,"21,000",-,-,1996,중앙로,-,중개거래,충북 청주청원구
,충청북도 청주시 청원구 내덕동,6*,다가구,25m미만,383.22,243,202301,13,"32,000",-,-,1995,덕벌로,-,중개거래,대전 유성구
,충청북도 청주시 청원구 오창읍 양청리,7**,다가구,12m미만,596.88,361.4,202301,12,"78,000",-,-,2004,양청길,20230630,중개거래,충북 청주청원구
,충청북도 청주시 청원구 오창읍 구룡리,3**,다가구,12m미만,659.1,418.2,202301,12,"70,000",-,-,2004,구룡2길,-,중개거래,충북 청주청원구
,충청북도 청주시 청원구 오창읍 양청리,7**,단독,12m미만,462.6,386.1,202301,9,"101,399",-,-,2022,양청1길,-,직거래,-
,충청북도 청주시 청원구 오창읍 양청리,7**,다가구,12m미만,405.05,338.6,202301,9,"74,000",-,-,2010,양청택지로,-,중개거래,충북 청주청원구
,충청북도 청주시 청원구 내덕동,6**,단독,8m미만,50.3,110.1,202301,9,"18,500",-,-,1975,향군로,-,중개거래,충북 청주청원구
,충청북도 청주시 청원구 오창읍 구룡리,4**,단독,12m미만,392.77,274.9,202301,7,"57,500",-,-,2008,구룡6길,-,중개거래,충북 청주청원구
,충청북도 청주시 청원구 오창읍 양청리,7**,다가구,12m미만,404.33,285.2,202301,6,"72,300",-,-,2013,양청택지로,-,중개거래,충북 청주시 청원구
,충청북도 청주시 청원구 내덕동,1**,단독,12m미만,88.82,171,202301,6,"18,000",-,-,1984,충청대로42번길,-,직거래,-
,충청북도 청주시 청원구 오창읍 성산리,4**,단독,8m미만,39,762,202301,5,"28,500",-,-,2022,미래지로,-,직거래,-
,충청북도 청주시 청원구 우암동,2**,단독,8m미만,131.25,150.4,202301,2,"15,500",-,-,1982,우암로24번길,-,중개거래,충북 청주청원구
,충청북도 청주시 청원구 내수읍 묵방리,3**,단독,8m미만,137.15,1498.5,202301,1,"20,500",-,-,2002,묵방길,-,중개거래,충북 청주서원구
