□ 본 서비스에서 제공하는 정보는 법적인 효력이 없으므로 참고용으로만 활용하시기 바랍니다.,,,,,,,,,,,,,,,,,,,,
"□ 신고정보가 실시간 변경, 해제되어 제공시점에 따라 공개건수 및 내용이 상이할 수 있는 점 참고하시기 바랍니다.",,,,,,,,,,,,,,,,,,,,
"□ 본 자료는 계약일 기준입니다. (※ 7월 계약, 8월 신고건 → 7월 거래건으로  제공)",,,,,,,,,,,,,,,,,,,,
"□ 통계자료 활용시에는 수치가 왜곡될 수 있으니 참고자료로만 활용하시기  바라며,  외부 공개시에는 반드시 신고일 기준으로 집계되는 공식통계를 이용하여 주시기 바랍니다.",,,,,,,,,,,,,,,,,,,,
,,,,,,,,,,,,,,,,,,,,
* 국토교통부 실거래가 공개시스템의 궁금하신 점이나 문의사항은 콜센터 1533-2949로 연락 주시기 바랍니다.,,,,,,,,,,,,,,,,,,,,
□ 검색조건,,,,,,,,,,,,,,,,,,,,
계약일자 : 2025-01-01 ~ 2025-11-06,,,,,,,,,,,,,,,,,,,,
실거래구분 : 연립다세대(전월세),,,,,,,,,,,,,,,,,,,,
주소구분 : 지번주소,,,,,,,,,,,,,,,,,,,,
시도 : 충청북도,,,,,,,,,,,,,,,,,,,,
시군구 : 청주시 서원구,,,,,,,,,,,,,,,,,,,,
읍면동 : 전체,,,,,,,,,,,,,,,,,,,,
면적 : 전체,,,,,,,,,,,,,,,,,,,,
금액선택 : 전체,,,,,,,,,,,,,,,,,,,,
NO,시군구,번지,본번,부번,건물명,전월세구분,전용면적(㎡),계약년월,계약일,보증금(만원),월세금(만원),층,건축년도,도로명,계약기간,계약구분,갱신요구권 사용,종전계약 보증금(만원),종전계약 월세(만원),주택유형
1,충청북도 청주시 서원구 산남동,324-1,324,1,인덱스타운,전세,56.32,202510,27,"7,500",0,4,2012,1순환로 852,202511~202711,신규,-,,,연립다세대
2,충청북도 청주시 서원구 죽림동,157,157,0,라헨느빌,전세,72.98,202509,30,"10,000",0,1,2013,대림로421번길 66,202509~202709,신규,-,,,연립다세대
3,충청북도 청주시 서원구 남이면 척산리,587-5,587,5,황금빌라,전세,68.77,202509,28,"1,000",0,1,2017,청남로 1233-6,202510~202710,신규,-,,,연립다세대
4,충청북도 청주시 서원구 수곡동,1-33,33,1,청원빌라,월세,53.7,202509,26,300,30,1,1989,수영로66번길 34,202509~202609,신규,-,,,연립다세대
5,충청북도 청주시 서원구 개신동,443-6,443,6,서우,월세,27.6,202509,13,200,20,2,1987,모충로 44-2,202510~202710,신규,-,,,연립다세대
6,충청북도 청주시 서원구 사창동,293,293,0,(293-0),월세,68.48,202509,13,500,40,2,1979,창신로32번길 12,202511~202611,신규,-,,,연립다세대
7,충청북도 청주시 서원구 사창동,151-4,151,4,(151-4),월세,24.09,202509,8,"1,000",30,2,2013,충대로14번길 75,202509~202609,신규,-,,,연립다세대
8,충청북도 청주시 서원구 산남동,324-1,324,1,인덱스타운,전세,56.32,202509,2,"7,500",0,4,2012,1순환로 852,202509~202709,신규,-,,,연립다세대
9,충청북도 청주시 서원구 사창동,187-7,187,7,동남6차,월세,59.72,202509,1,500,65,1,1993,천수로40번가길 9-2,202509~202708,갱신,-,500,65,연립다세대
10,충청북도 청주시 서원구 개신동,443-35,443,35,창대아트빌라,월세,24.855,202508,30,100,40,2,1995,모충로44번길 25,202508~202712,신규,-,,,연립다세대
11,충청북도 청주시 서원구 개신동,443-6,443,6,서우,전세,59.1,202508,25,"6,000",0,2,1987,모충로 44-2,202508~202708,신규,-,,,연립다세대
12,충청북도 청주시 서원구 미평동,3-78,78,3,로뎀하우스,전세,72,202508,23,"6,000",0,1,2008,궁뜰로 1-2,202509~202709,갱신,-,"6,000",0,연립다세대
13,충청북도 청주시 서원구 산남동,1-51,51,1,오션빌,월세,69.54,202508,20,"13,000",20,2,2015,원흥로 11-11,202509~202709,신규,-,,,연립다세대
14,충청북도 청주시 서원구 모충동,458,458,0,베로스빌,월세,70.98,202508,19,"3,000",50,2,2007,모충로96번길 30-1,202509~202709,신규,-,,,연립다세대
15,충청북도 청주시 서원구 모충동,255-16,255,16,영우가동나동,월세,47.52,202508,18,500,43,2,1991,서원남로58번길 53-4,202508~202708,신규,-,,,연립다세대
16,충청북도 청주시 서원구 모충동,255-14,255,14,덕천빌라,전세,49.35,202508,17,"4,000",0,1,1989,서원남로58번길 53-6,202508~202708,신규,-,,,연립다세대
17,충청북도 청주시 서원구 남이면 가마리,335-2,335,2,광진빌라A,월세,57.665,202508,15,"3,000",20,3,2015,가마길 97-1,202508~202708,신규,-,,,연립다세대
18,충청북도 청주시 서원구 수곡동,3-71,71,3,수곡연립,월세,46.29,202508,14,500,35,3,1982,수영로8번길 17,202508~202708,신규,-,,,연립다세대
19,충청북도 청주시 서원구 산남동,324-1,324,1,인덱스타운,전세,56.32,202508,11,"10,000",0,4,2012,1순환로 852,-,-,-,,,연립다세대
20,충청북도 청주시 서원구 사창동,151-4,151,4,(151-4),월세,49.4,202508,9,"1,000",71,5,2013,충대로14번길 75,202508~202608,신규,-,,,연립다세대
21,충청북도 청주시 서원구 모충동,255-16,255,16,영우가동나동,전세,47.52,202508,1,"3,000",0,2,1991,서원남로58번길 53-4,-,-,-,,,연립다세대
22,충청북도 청주시 서원구 수곡동,03월 24일,24,3,수곡,월세,61.72,202507,25,500,45,2,1979,수영로 51,202507~202707,신규,-,,,연립다세대
23,충청북도 청주시 서원구 분평동,247,247,0,남들,월세,70.1,202507,17,500,40,1,1981,안뜸로 63-9,202507~202707,신규,-,,,연립다세대
24,충청북도 청주시 서원구 수곡동,3-71,71,3,수곡연립,월세,45.58,202507,7,200,35,4,1982,수영로8번길 17,202507~202607,신규,-,,,연립다세대
25,충청북도 청주시 서원구 사창동,240-20,240,20,현대코아루,월세,57.58,202507,7,850,80,2,2015,봉명로 234,202507~202707,신규,-,,,연립다세대
26,충청북도 청주시 서원구 사창동,323-1,323,1,에스텔HOUSE,월세,66.785,202506,24,"1,500",70,4,2015,창신로22번길 65-10,202507~202707,신규,-,,,연립다세대
27,충청북도 청주시 서원구 사창동,187-7,187,7,동남6차,월세,59.72,202506,24,"1,000",65,2,1993,천수로40번가길 13,202507~202707,신규,-,,,연립다세대
28,충청북도 청주시 서원구 수곡동,4-32,32,4,충청,월세,57.6,202506,16,300,60,1,1984,청남로2036번길 107,202507~202607,신규,-,,,연립다세대
29,충청북도 청주시 서원구 분평동,247,247,0,남들,월세,70.1,202506,16,500,35,1,1981,안뜸로 63-9,202506~202706,신규,-,,,연립다세대
30,충청북도 청주시 서원구 산남동,9-51,51,9,"에코빌2차(3,4동)",전세,73.255,202506,10,"8,000",0,4,2015,원흥로 11-19,202507~202707,신규,-,,,연립다세대
31,충청북도 청주시 서원구 모충동,257-7,257,7,태양빌A동,월세,70.95,202506,6,"9,500",40,2,2015,서원서로 2,202506~202706,신규,-,,,연립다세대
32,충청북도 청주시 서원구 죽림동,138-2,138,2,샤르망빌,월세,72.65,202505,17,"2,000",70,3,2015,대림로421번길 95-1,202505~202705,신규,-,,,연립다세대
33,충청북도 청주시 서원구 남이면 척산리,587-5,587,5,황금빌라,월세,71.33,202504,8,"2,000",50,1,2017,청남로 1233-6,202504~202604,신규,-,,,연립다세대
34,충청북도 청주시 서원구 성화동,225-13,225,13,성화베리굿,월세,69.639,202503,31,"2,000",50,1,2014,2순환로1502번길 21,202504~202704,신규,-,,,연립다세대
35,충청북도 청주시 서원구 죽림동,137-1,137,1,그린하우스,월세,50.79,202503,18,"3,000",20,3,2013,대림로421번길 99,202503~202703,신규,-,,,연립다세대
36,충청북도 청주시 서원구 성화동,225-13,225,13,성화베리굿,전세,69.639,202503,17,"1,300",0,4,2014,2순환로1502번길 21,202503~202703,신규,-,,,연립다세대
37,충청북도 청주시 서원구 개신동,443-6,443,6,서우,월세,59.1,202503,8,500,35,1,1987,모충로 44-2,202503~202703,신규,-,,,연립다세대
38,충청북도 청주시 서원구 남이면 가마리,30-20,30,20,힐데스빌2단지,월세,84.0438,202503,5,"5,000",20,3,2016,청남로 1809-8,202503~202603,신규,-,,,연립다세대
39,충청북도 청주시 서원구 사창동,191-1,191,1,(191-1),월세,77.12,202503,5,"1,000",50,2,1980,천수로18번길 2,202503~202703,신규,-,,,연립다세대
40,충청북도 청주시 서원구 사창동,364-23,364,23,(364-23),전세,30.25,202502,3,"6,000",0,3,2013,창직로 17-6,202502~202702,신규,-,,,연립다세대
41,충청북도 청주시 서원구 수곡동,171-13,171,13,명보,월세,65.46,202501,25,"1,000",40,1,1986,구룡산로330번길 5,202502~202702,신규,-,,,연립다세대
42,충청북도 청주시 서원구 사창동,240-20,240,20,현대코아루,전세,82.96,202501,15,"6,000",0,3,2015,봉명로 234,202502~202702,신규,-,,,연립다세대
43,충청북도 청주시 서원구 사창동,151-5,151,5,라임빌,월세,21.52,202501,12,500,30,2,2012,충대로14번길 77,202502~202602,신규,-,,,연립다세대
44,충청북도 청주시 서원구 모충동,257-3,257,3,태양빌B동,월세,70.95,202501,4,"12,000",35,2,2015,서원서로 2-1,202501~202701,신규,-,,,연립다세대
45,충청북도 청주시 서원구 남이면 가마리,30-20,30,20,힐데스빌2단지,월세,82.3611,202501,3,"2,000",70,4,2016,청남로 1809-8,202502~202602,신규,-,,,연립다세대
46,충청북도 청주시 서원구 산남동,9-51,51,9,"에코빌2차(3,4동)",전세,73.255,202501,3,"10,000",0,1,2015,원흥로 11-19,202501~202701,신규,-,,,연립다세대
47,충청북도 청주시 서원구 수곡동,03월 24일,24,3,수곡,전세,61.72,202412,26,"5,500",0,1,1979,수영로 51,202502~202702,신규,-,,,연립다세대
48,충청북도 청주시 서원구 산남동,324-1,324,1,인덱스타운,월세,56.32,202412,14,"3,000",70,4,2012,1순환로 852,202501~202601,신규,-,,,연립다세대
49,충청북도 청주시 서원구 산남동,9-51,51,9,"에코빌2차(3,4동)",전세,73.255,202412,14,"11,200",0,-1,2015,원흥로 11-19,202501~202701,신규,-,,,연립다세대
50,충청북도 청주시 서원구 죽림동,136-3,136,3,그린하우스,월세,59.03,202412,6,"1,000",70,1,2013,대림로421번길 95-14,202412~202608,신규,-,,,연립다세대
51,충청북도 청주시 서원구 남이면 척산리,587-5,587,5,황금빌라,전세,68.77,202412,5,"8,000",0,2,2017,청남로 1233-6,202412~202612,신규,-,,,연립다세대
52,충청북도 청주시 서원구 남이면 척산리,587-5,587,5,황금빌라,전세,68.77,202412,5,"11,000",0,4,2017,청남로 1233-6,202412~202612,신규,-,,,연립다세대
53,충청북도 청주시 서원구 산남동,9-51,51,9,"에코빌2차(3,4동)",전세,73.255,202412,3,"10,000",0,1,2015,원흥로 11-19,202501~202701,신규,-,,,연립다세대
54,충청북도 청주시 서원구 미평동,276-2,276,2,힐타운하우스,전세,203.66,202411,24,"33,000",0,1,2009,남지로21번길 39,202501~202701,신규,-,,,연립다세대
55,충청북도 청주시 서원구 수곡동,1-33,33,1,청원빌라,월세,53.7,202411,11,300,30,2,1989,수영로66번길 34,202411~202611,신규,-,,,연립다세대
56,충청북도 청주시 서원구 사창동,364-23,364,23,(364-23),월세,19.31,202411,3,200,30,3,2013,창직로 17-6,202412~202612,신규,-,,,연립다세대
57,충청북도 청주시 서원구 모충동,89-24,89,24,동우주택,전세,50.34,202410,24,"3,500",0,1,1990,청남로2122번길 42,202411~202611,신규,-,,,연립다세대
58,충청북도 청주시 서원구 모충동,122-8,122,8,일신원룸,월세,25.52,202410,14,100,15,5,1987,청남로 2119-6,202410~202610,신규,-,,,연립다세대
59,충청북도 청주시 서원구 사창동,248-10,248,10,동신,월세,41.39,202409,30,300,20,2,1979,천석로 22,202409~202609,신규,-,,,연립다세대
60,충청북도 청주시 서원구 성화동,225-13,225,13,성화베리굿,전세,69.639,202408,29,"10,000",0,4,2014,2순환로1502번길 21,-,-,-,,,연립다세대
61,충청북도 청주시 서원구 성화동,225-13,225,13,성화베리굿,전세,69.639,202408,29,"10,000",0,4,2014,2순환로1502번길 21,202409~202609,신규,-,,,연립다세대
62,충청북도 청주시 서원구 사창동,508,508,0,동구주택(508-0),전세,80.28,202408,26,"8,500",0,3,1997,1순환로704번길 38,202409~202609,신규,-,,,연립다세대
63,충청북도 청주시 서원구 산남동,324-1,324,1,인덱스타운,월세,52.12,202408,21,"2,000",30,-1,2012,1순환로 852,202409~202609,신규,-,,,연립다세대
64,충청북도 청주시 서원구 남이면 척산리,587-5,587,5,황금빌라,월세,68.77,202408,15,500,60,4,2017,청남로 1233-6,202408~202508,신규,-,,,연립다세대
65,충청북도 청주시 서원구 죽림동,137-1,137,1,그린하우스,월세,50.79,202408,14,"1,000",50,4,2013,대림로421번길 99,202408~202608,신규,-,,,연립다세대
66,충청북도 청주시 서원구 남이면 가마리,30-20,30,20,힐데스빌2단지,전세,82.3611,202408,13,"20,000",0,4,2016,청남로 1809-8,202409~202609,신규,-,,,연립다세대
67,충청북도 청주시 서원구 사창동,137-2,137,2,동남주택(137-2),월세,46.08,202408,10,500,50,1,1990,1순환로634번길 9,202408~202608,신규,-,,,연립다세대
68,충청북도 청주시 서원구 사창동,248-10,248,10,동신,전세,41.39,202408,2,"1,000",0,2,1979,천석로 22,202408~202508,신규,-,,,연립다세대
69,충청북도 청주시 서원구 남이면 가마리,30-16,30,16,힐데스빌1단지,전세,84.6768,202407,29,"7,300",0,1,2016,2순환로 1725,202408~202607,신규,-,,,연립다세대
70,충청북도 청주시 서원구 사직동,11-40,40,11,동성빌라,전세,45.66,202407,29,"2,000",0,1,1989,남사로44번길 4,202407~202507,신규,-,,,연립다세대
71,충청북도 청주시 서원구 산남동,46-36,46,36,"에코빌1,2동",월세,72.795,202407,10,"1,000",75,3,2014,원흥로 11-17,202407~202607,신규,-,,,연립다세대
72,충청북도 청주시 서원구 수곡동,55-17,55,17,미평(55-17),월세,40,202407,9,300,27,1,1990,청남로2074번길 40,202408~202608,신규,-,,,연립다세대
73,충청북도 청주시 서원구 수곡동,171-13,171,13,명보,월세,62.04,202407,9,400,35,1,1986,구룡산로330번길 5,202408~202608,신규,-,,,연립다세대
74,충청북도 청주시 서원구 사직동,245-11,245,11,호암샤인빌,전세,67.48,202406,27,"9,000",0,4,2010,대원로19번길 34,202408~202607,신규,-,,,연립다세대
75,충청북도 청주시 서원구 사창동,154-8,154,8,현대5,월세,84.96,202406,26,"2,000",60,2,1985,사직대로112번길 18,202407~202607,신규,-,,,연립다세대
76,충청북도 청주시 서원구 남이면 척산리,587-5,587,5,황금빌라,월세,68.77,202406,18,"3,000",35,3,2017,청남로 1233-6,202407~202507,신규,-,,,연립다세대
77,충청북도 청주시 서원구 사창동,240-20,240,20,현대코아루,전세,57.58,202406,13,"13,300",0,3,2015,봉명로 234,202406~202606,신규,-,,,연립다세대
78,충청북도 청주시 서원구 분평동,292-6,292,6,(292-6),전세,74.42,202406,10,"15,000",0,2,2015,매봉로2번길 39-5,202407~202607,신규,-,,,연립다세대
79,충청북도 청주시 서원구 미평동,276-2,276,2,힐타운하우스,전세,205.46,202406,3,"20,000",0,1,2009,남지로21번길 39,202406~202606,신규,-,,,연립다세대
80,충청북도 청주시 서원구 장성동,04월 02일,4,2,보람주택,전세,39.91,202405,25,"3,300",0,4,1992,궁뜰로 47-1,-,-,-,,,연립다세대
81,충청북도 청주시 서원구 장성동,04월 02일,4,2,보람주택,전세,39.91,202405,18,"3,500",0,2,1992,궁뜰로 47-1,202407~202607,신규,-,,,연립다세대
82,충청북도 청주시 서원구 모충동,459-10,459,10,(459-10),전세,49.29,202405,14,"5,000",0,1,1988,매봉로189번길 42,202405~202605,신규,-,,,연립다세대
83,충청북도 청주시 서원구 수곡동,3-71,71,3,수곡연립,월세,45.58,202405,3,200,38,4,1982,수영로8번길 17,202405~202505,신규,-,,,연립다세대
84,충청북도 청주시 서원구 수곡동,3-71,71,3,수곡연립,월세,45.58,202405,3,200,36,4,1982,수영로8번길 17,202405~202505,신규,-,,,연립다세대
85,충청북도 청주시 서원구 죽림동,136-3,136,3,그린하우스,월세,59.03,202405,1,"1,000",65,1,2013,대림로421번길 95-14,202404~202503,신규,-,,,연립다세대
86,충청북도 청주시 서원구 죽림동,136-3,136,3,그린하우스,월세,59.03,202405,1,"1,000",60,2,2013,대림로421번길 95-14,202405~202605,신규,-,,,연립다세대
87,충청북도 청주시 서원구 수곡동,03월 24일,24,3,수곡,월세,61.72,202404,22,500,35,2,1979,수영로 51,202406~202606,신규,-,,,연립다세대
88,충청북도 청주시 서원구 남이면 척산리,605,605,0,미평빌라,전세,67.5,202404,22,"3,500",0,3,1991,척산길 23,202405~202605,신규,-,,,연립다세대
89,충청북도 청주시 서원구 수곡동,6-58,58,6,경희나동,전세,41.76,202404,20,"4,500",0,2,1990,청남로2064번길 52,202406~202606,신규,-,,,연립다세대
90,충청북도 청주시 서원구 산남동,324-1,324,1,인덱스타운,전세,59.9,202404,16,"8,000",0,-1,2012,1순환로 852,202405~202605,신규,-,,,연립다세대
91,충청북도 청주시 서원구 수곡동,171-13,171,13,명보,월세,65.46,202404,1,"1,000",35,1,1986,구룡산로330번길 5,202405~202605,신규,-,,,연립다세대
92,충청북도 청주시 서원구 수곡동,03월 24일,24,3,수곡,전세,61.72,202403,31,"6,700",0,2,1979,수영로 51,202404~202604,신규,-,,,연립다세대
93,충청북도 청주시 서원구 사창동,248-10,248,10,동신,전세,41.39,202403,14,"3,000",0,1,1979,천석로 22,202403~202603,신규,-,,,연립다세대
94,충청북도 청주시 서원구 죽림동,136-3,136,3,그린하우스,월세,59.03,202403,12,"1,000",59,4,2013,대림로421번길 95-14,202403~202503,신규,-,,,연립다세대
95,충청북도 청주시 서원구 사창동,151-5,151,5,라임빌,월세,23.41,202402,18,300,30,3,2012,충대로14번길 77,202402~202502,신규,-,,,연립다세대
96,충청북도 청주시 서원구 수곡동,55-17,55,17,미평(55-17),월세,40,202402,17,500,35,2,1990,청남로2074번길 40,202402~202602,신규,-,,,연립다세대
97,충청북도 청주시 서원구 죽림동,137-1,137,1,그린하우스,전세,50.79,202402,4,"7,000",0,1,2013,대림로421번길 99,202402~202602,신규,-,,,연립다세대
98,충청북도 청주시 서원구 사창동,151-4,151,4,(151-4),월세,20.39,202401,30,500,36,5,2013,충대로14번길 75,202402~202502,신규,-,,,연립다세대
99,충청북도 청주시 서원구 모충동,257-7,257,7,태양빌A동,월세,70.95,202401,18,"10,500",30,4,2015,서원서로 2,202403~202603,-,-,,,연립다세대
100,충청북도 청주시 서원구 미평동,3-78,78,3,로뎀하우스,월세,72,202401,16,"3,000",50,1,2008,궁뜰로 1-2,202312~202412,신규,-,,,연립다세대
101,충청북도 청주시 서원구 사창동,151-5,151,5,라임빌,월세,21.52,202401,8,200,35,2,2012,충대로14번길 77,202401~202501,신규,-,,,연립다세대
102,충청북도 청주시 서원구 남이면 척산리,587-1,587,1,황금빌라4동,월세,58.93,202401,7,"1,000",50,4,2018,청남로 1233-10,202403~202602,신규,-,,,연립다세대
,충청북도 청주시 서원구 개신동,Jun-40,40,6,힐링하우스,월세,20.15,202312,22,300,31,4,2013,1순환로 749-1,202401~202501,신규,-,,,연립다세대
,충청북도 청주시 서원구 사창동,184-7,184,7,(184-7),월세,42.64,202312,10,500,45,2,1980,1순환로633번길 18,202312~202412,신규,-,,,연립다세대
,충청북도 청주시 서원구 사창동,240-20,240,20,현대코아루,전세,40.02,202312,1,"9,880",0,4,2015,봉명로 234,202312~202512,갱신,-,"9,500",0,연립다세대
,충청북도 청주시 서원구 사창동,357-2,357,2,덕성빌라,월세,66.62,202311,25,500,45,4,1992,창직로55번길 18,202312~202512,신규,-,,,연립다세대
,충청북도 청주시 서원구 사창동,357-2,357,2,덕성빌라,월세,66.62,202311,25,500,47,4,1992,창직로55번길 18,-,-,-,,,연립다세대
,충청북도 청주시 서원구 산남동,46-35,46,35,(46-35),월세,76.285,202311,16,"3,000",70,1,2016,원흥로 11-21,202401~202601,신규,-,,,연립다세대
,충청북도 청주시 서원구 분평동,249-29,249,29,레인보우C,월세,59.857,202311,13,701,11,5,2012,안뜸로 57,202311~202603,신규,-,,,연립다세대
,충청북도 청주시 서원구 미평동,276-2,276,2,힐타운하우스,전세,181.78,202311,6,"28,000",0,1,2009,남지로21번길 39,202404~202604,신규,-,,,연립다세대
,충청북도 청주시 서원구 사창동,290-15,290,15,늘봄,월세,56.43,202310,22,500,45,1,1985,창신로22번길 51,202311~202511,신규,-,,,연립다세대
,충청북도 청주시 서원구 사창동,290-15,290,15,늘봄,월세,56.43,202310,22,500,45,1,1985,창신로22번길 51,-,-,-,,,연립다세대
,충청북도 청주시 서원구 사창동,190-12,190,12,동성빌라,월세,48.9,202310,17,500,51,1,1989,천수로24번길 18,202310~202510,신규,-,,,연립다세대
,충청북도 청주시 서원구 산남동,324-1,324,1,인덱스타운,전세,56.32,202310,14,"9,000",0,2,2012,1순환로 852,202310~202510,-,-,,,연립다세대
,충청북도 청주시 서원구 산남동,46-35,46,35,(46-35),월세,76.015,202310,7,"5,000",42,3,2016,원흥로 11-21,-,-,-,,,연립다세대
,충청북도 청주시 서원구 산남동,46-35,46,35,(46-35),월세,76.015,202310,7,"5,000",42,3,2016,원흥로 11-21,202311~202511,신규,-,,,연립다세대
,충청북도 청주시 서원구 죽림동,157,157,0,라헨느빌,월세,72.98,202309,20,"2,000",70,2,2013,대림로421번길 66,202310~202510,신규,-,,,연립다세대
,충청북도 청주시 서원구 모충동,89-24,89,24,동우주택,전세,50.34,202309,15,"3,500",0,1,1990,청남로2122번길 42,-,-,-,,,연립다세대
,충청북도 청주시 서원구 사창동,184-2,184,2,"동신(가,나,다)",전세,51.9,202309,12,"3,500",0,1,1980,천수로 11,-,-,-,,,연립다세대
,충청북도 청주시 서원구 성화동,225-13,225,13,성화베리굿,전세,69.639,202309,5,"10,500",0,1,2014,2순환로1502번길 21,202309~202509,신규,-,,,연립다세대
,충청북도 청주시 서원구 수곡동,03월 24일,24,3,수곡,전세,61.72,202308,23,"6,500",0,2,1979,수영로 51,202309~202509,갱신,-,"6,000",0,연립다세대
,충청북도 청주시 서원구 미평동,Mar-78,78,3,로뎀하우스,전세,72,202308,19,"6,000",0,1,2008,궁뜰로 1-2,-,-,-,,,연립다세대
,충청북도 청주시 서원구 개신동,443-6,443,6,서우,전세,45.73,202308,16,"5,500",0,4,1987,모충로 44-2,-,-,-,,,연립다세대
,충청북도 청주시 서원구 미평동,Mar-78,78,3,로뎀하우스,월세,72,202308,15,"2,000",50,1,2008,궁뜰로 1-2,202310~202509,신규,-,,,연립다세대
,충청북도 청주시 서원구 모충동,460-11,460,11,현백빌라,월세,44.83,202307,27,500,35,3,1989,매봉로189번길 39,202308~202408,신규,-,,,연립다세대
,충청북도 청주시 서원구 남이면 가마리,30-20,30,20,힐데스빌2단지,월세,84.0438,202307,24,"1,000",50,2,2016,청남로 1809-8,202308~202508,신규,-,,,연립다세대
,충청북도 청주시 서원구 수곡동,18-47,18,47,영우나동,월세,35.36,202307,23,500,35,2,1990,구룡산로417번길 20,202307~202407,신규,-,,,연립다세대
,충청북도 청주시 서원구 사직동,640-20,640,20,동원A,전세,64.76,202307,22,"3,500",0,4,1984,호국로 39,-,-,-,,,연립다세대
,충청북도 청주시 서원구 수곡동,23-42,23,42,흥덕마동,전세,36.06,202307,19,"3,500",0,2,1989,수영로47번길 18-6,-,-,-,,,연립다세대
,충청북도 청주시 서원구 사창동,131-2,131,2,서부,월세,58.14,202307,10,"1,000",50,3,1984,1순환로622번길 11,202307~202507,신규,-,,,연립다세대
,충청북도 청주시 서원구 남이면 척산리,587-5,587,5,황금빌라,월세,71.33,202307,4,"2,000",75,4,2017,청남로 1233-6,202307~202407,신규,-,,,연립다세대
,충청북도 청주시 서원구 사창동,184-2,184,2,"동신(가,나,다)",전세,51.9,202307,3,"5,000",0,3,1980,천수로 11,-,-,-,,,연립다세대
,충청북도 청주시 서원구 개신동,443-6,443,6,서우,전세,59.1,202307,3,"6,000",0,3,1987,모충로 44-2,-,-,-,,,연립다세대
,충청북도 청주시 서원구 산남동,46-36,46,36,"에코빌1,2동",전세,72.795,202306,24,"12,000",0,3,2014,원흥로 11-17,202308~202508,신규,-,,,연립다세대
,충청북도 청주시 서원구 사창동,187-7,187,7,동남6차,월세,58.38,202306,23,"1,000",40,4,1993,천수로40번가길 13,202307~202507,신규,-,,,연립다세대
,충청북도 청주시 서원구 산남동,Sep-51,51,9,"에코빌2차(3,4동)",전세,73.255,202306,20,"8,000",0,4,2015,원흥로 11-19,202306~202506,신규,-,,,연립다세대
,충청북도 청주시 서원구 산남동,Sep-51,51,9,"에코빌2차(3,4동)",월세,73.255,202306,16,"1,000",60,3,2015,원흥로 11-19,202307~202507,신규,-,,,연립다세대
,충청북도 청주시 서원구 산남동,46-35,46,35,(46-35),월세,76.015,202306,15,"5,000",42,1,2016,원흥로 11-21,202306~202406,갱신,-,"3,000",60,연립다세대
,충청북도 청주시 서원구 모충동,257-3,257,3,태양빌B동,월세,70.66,202306,12,"10,000",10,2,2015,서원서로 2-1,202307~202507,-,-,,,연립다세대
,충청북도 청주시 서원구 모충동,257-3,257,3,태양빌B동,월세,70.66,202306,12,"10,000",30,2,2015,서원서로 2-1,-,-,-,,,연립다세대
,충청북도 청주시 서원구 사창동,492,492,0,유성빌라,월세,27.99,202306,12,200,30,3,2001,내수동로114번길 39,-,-,-,,,연립다세대
,충청북도 청주시 서원구 사직동,47-23,47,23,목련,월세,51.03,202305,29,500,53,2,1985,모충로153번길 19,202307~202507,신규,-,,,연립다세대
,충청북도 청주시 서원구 죽림동,137-1,137,1,그린하우스,월세,50.79,202305,29,"1,000",45,3,2013,대림로421번길 99,202306~202406,신규,-,,,연립다세대
,충청북도 청주시 서원구 모충동,257-7,257,7,태양빌A동,월세,70.95,202305,27,"1,000",70,3,2015,서원서로 2,202306~202405,신규,-,,,연립다세대
,충청북도 청주시 서원구 사직동,266-1,266,1,서울주택,전세,48.09,202305,24,"4,000",0,1,1983,호국로 108,-,-,-,,,연립다세대
,충청북도 청주시 서원구 사직동,266-1,266,1,서울주택,전세,48.09,202305,24,"4,000",0,1,1983,호국로 108,-,-,-,,,연립다세대
,충청북도 청주시 서원구 남이면 가마리,30-16,30,16,힐데스빌1단지,월세,84.6768,202305,22,"1,500",60,1,2016,2순환로 1725,202308~202407,신규,-,,,연립다세대
,충청북도 청주시 서원구 남이면 가마리,30-16,30,16,힐데스빌1단지,월세,84.6768,202305,22,"1,500",60,1,2016,2순환로 1725,202308~202407,신규,-,,,연립다세대
,충청북도 청주시 서원구 모충동,257-7,257,7,태양빌A동,월세,70.95,202305,16,500,55,2,2015,서원서로 2,202305~202505,신규,-,,,연립다세대
,충청북도 청주시 서원구 사직동,Nov-40,40,11,동성빌라,월세,45.66,202305,1,300,25,2,1989,남사로44번길 4,202305~202505,신규,-,,,연립다세대
,충청북도 청주시 서원구 분평동,248-22,248,22,백합A백합B,전세,59.966,202304,30,"6,506",0,5,2013,안뜸로53번길 10-3,202305~202307,갱신,-,"6,506",0,연립다세대
,충청북도 청주시 서원구 사창동,298-7,298,7,오양,월세,55.87,202304,26,500,35,2,1979,사직대로176번길 32,202305~202505,신규,-,,,연립다세대
,충청북도 청주시 서원구 산남동,324-1,324,1,인덱스타운,월세,52.12,202304,25,"1,500",40,-1,2012,1순환로 852,202305~202505,신규,-,,,연립다세대
,충청북도 청주시 서원구 산남동,324-1,324,1,인덱스타운,월세,56.32,202304,25,"1,500",40,1,2012,1순환로 852,202305~202505,신규,-,,,연립다세대
,충청북도 청주시 서원구 사직동,555-3,555,3,형제빌라,전세,54.87,202304,18,"6,000",0,1,1991,호국로123번길 9,-,-,-,,,연립다세대
,충청북도 청주시 서원구 사창동,137-2,137,2,동남주택(137-2),월세,46.08,202304,14,500,50,1,1990,1순환로634번길 9,202304~202504,신규,-,,,연립다세대
,충청북도 청주시 서원구 수곡동,Mar-71,71,3,수곡연립,월세,45.58,202304,12,200,36,4,1982,수영로8번길 17,202304~202504,신규,-,,,연립다세대
,충청북도 청주시 서원구 수곡동,Mar-71,71,3,수곡연립,월세,45.58,202304,12,200,36,4,1982,수영로8번길 17,202304~202504,신규,-,,,연립다세대
,충청북도 청주시 서원구 남이면 척산리,605,605,0,미평빌라,월세,67.5,202304,3,500,50,3,1991,척산길 23,202304~202404,신규,-,,,연립다세대
,충청북도 청주시 서원구 사창동,151-4,151,4,(151-4),월세,22.86,202303,28,500,30,3,2013,충대로14번길 75,-,-,-,,,연립다세대
,충청북도 청주시 서원구 죽림동,136-3,136,3,그린하우스,월세,59.03,202303,19,"1,000",70,1,2013,대림로421번길 95-14,202304~202403,신규,-,,,연립다세대
,충청북도 청주시 서원구 산남동,324-1,324,1,인덱스타운,전세,56.32,202303,18,"8,000",0,1,2012,1순환로 852,-,-,-,,,연립다세대
,충청북도 청주시 서원구 사창동,244-2,244,2,한독유니빌,전세,154.61,202303,11,"10,000",0,4,2004,예체로139번길 21,202305~202505,신규,-,,,연립다세대
,충청북도 청주시 서원구 모충동,89-24,89,24,동우주택,전세,50.34,202303,10,"3,500",0,3,1990,청남로2122번길 42,-,-,-,,,연립다세대
,충청북도 청주시 서원구 사직동,245-11,245,11,호암샤인빌,전세,67.48,202303,1,"8,000",0,3,2010,대원로19번길 34,202304~202504,신규,-,,,연립다세대
,충청북도 청주시 서원구 사직동,245-11,245,11,호암샤인빌,전세,67.48,202303,1,"8,000",0,3,2010,대원로19번길 34,202304~202504,신규,-,,,연립다세대
,충청북도 청주시 서원구 사창동,151-4,151,4,(151-4),월세,24.7,202302,21,300,30,3,2013,충대로14번길 75,-,-,-,,,연립다세대
,충청북도 청주시 서원구 사창동,240-20,240,20,현대코아루,월세,40.02,202302,12,"1,000",60,5,2015,봉명로 234,202303~202503,신규,-,,,연립다세대
,충청북도 청주시 서원구 사창동,357-2,357,2,덕성빌라,월세,66.62,202301,30,500,50,4,1992,창직로55번길 18,-,-,-,,,연립다세대
,충청북도 청주시 서원구 사창동,357-2,357,2,덕성빌라,월세,66.62,202301,30,500,45,4,1992,창직로55번길 18,202301~202401,-,-,,,연립다세대
,충청북도 청주시 서원구 산남동,46-35,46,35,(46-35),월세,76.015,202301,21,"1,000",74,4,2016,원흥로 11-21,202301~202401,갱신,사용,"1,000",73,연립다세대
,충청북도 청주시 서원구 사창동,357-2,357,2,덕성빌라,월세,66.62,202301,17,500,50,4,1992,창직로55번길 18,-,-,-,,,연립다세대
,충청북도 청주시 서원구 사창동,364-23,364,23,(364-23),전세,30.25,202301,15,"5,000",0,2,2013,창직로 17-6,-,-,-,,,연립다세대
,충청북도 청주시 서원구 산남동,324-1,324,1,인덱스타운,월세,45.41,202301,2,"1,500",25,1,2012,1순환로 852,-,-,-,,,연립다세대
